input_type,nodes,value,insertion_comparisons,height,search_comparisons,deletion_comparisons
random,1,887,0,1,1,1
random,2,233,1,2,2,2
random,3,274,2,2,1,1
random,4,978,2,3,3,3
random,5,968,3,3,2,2
random,6,62,2,3,3,3
random,7,767,3,4,4,4
random,8,597,4,4,4,4
random,9,707,4,4,4,4
random,10,56,4,4,4,4
random,11,830,3,4,4,4
random,12,839,4,4,3,3
random,13,437,3,4,4,4
random,14,924,4,5,5,5
random,15,29,4,5,5,5
random,16,717,4,5,5,5
random,17,204,4,5,5,5
random,18,819,4,5,5,5
random,19,247,4,5,5,5
random,20,278,4,5,5,5
random,21,383,5,5,4,4
random,22,1000,3,5,4,4
random,23,994,4,5,3,3
random,24,884,4,5,5,5
random,25,316,5,6,6,6
random,26,463,5,6,6,6
random,27,778,5,6,5,5
random,28,738,5,6,5,5
random,29,183,5,6,6,6
random,30,200,6,6,5,5
random,31,353,6,6,6,6
random,32,163,6,6,6,6
random,33,420,5,6,6,6
random,34,210,5,6,6,6
random,35,3,6,6,6,6
random,36,720,5,6,6,6
random,37,865,5,6,5,5
random,38,765,5,6,6,6
random,39,602,5,6,6,6
random,40,803,5,6,6,6
random,41,265,5,6,6,6
random,42,317,6,7,7,7
random,43,53,6,7,7,7
random,44,230,6,7,6,6
random,45,176,6,7,5,5
random,46,536,6,7,7,7
random,47,973,5,7,6,6
random,48,905,4,7,5,5
random,49,143,6,7,7,7
random,50,32,7,7,7,7
random,51,484,7,7,6,6
random,52,396,6,7,7,7
random,53,531,7,8,8,8
random,54,860,5,8,5,5
random,55,692,6,8,5,5
random,56,956,4,8,5,5
random,57,12,6,8,7,7
random,58,321,7,8,6,6
random,59,987,5,8,6,6
random,60,5,7,8,6,6
random,61,54,7,8,8,8
random,62,885,5,8,6,6
random,63,50,7,8,8,8
random,64,970,6,8,6,6
random,65,365,7,8,8,8
random,66,86,7,8,7,7
random,67,277,6,8,7,7
random,68,118,7,8,8,8
random,69,201,6,8,7,7
random,70,480,7,8,8,8
random,71,929,6,8,7,7
random,72,813,6,8,6,6
random,73,844,5,8,6,6
random,74,925,7,8,7,7
random,75,51,8,8,8,8
random,76,478,8,8,7,7
random,77,651,6,8,7,7
random,78,974,5,8,6,6
random,79,112,8,8,7,7
random,80,15,7,8,8,8
random,81,859,6,8,5,5
random,82,398,7,8,6,6
random,83,791,6,8,7,7
random,84,281,6,8,7,7
random,85,613,7,8,6,6
random,86,894,6,8,7,7
random,87,556,7,8,8,8
random,88,97,8,8,8,8
random,89,775,6,8,7,7
random,90,279,7,8,8,8
random,91,792,7,8,7,7
random,92,710,6,8,7,7
random,93,560,8,8,8,8
random,94,955,7,8,7,7
random,95,28,8,8,8,8
random,96,589,8,8,8,8
random,97,585,8,8,8,8
random,98,528,6,8,7,7
random,99,421,7,8,8,8
random,100,532,6,8,7,7
random,101,936,7,8,7,7
random,102,915,6,8,7,7
random,103,587,8,8,7,7
random,104,505,7,8,8,8
random,105,886,6,8,6,6
random,106,630,8,8,8,8
random,107,548,7,8,8,8
random,108,732,8,8,8,8
random,109,497,7,8,7,7
random,110,325,6,8,7,7
random,111,379,7,8,8,8
random,112,600,6,8,7,7
random,113,170,7,8,8,8
random,114,88,8,8,7,7
random,115,130,7,8,8,8
random,116,433,7,8,7,7
random,117,748,7,8,8,8
random,118,117,7,8,8,8
random,119,923,8,9,9,9
random,120,523,7,9,8,8
random,121,670,6,9,7,7
random,122,553,7,9,6,6
random,123,186,7,9,8,8
random,124,917,9,9,8,8
random,125,705,6,9,7,7
random,126,931,8,9,9,9
random,127,438,6,9,7,7
random,128,948,8,9,9,9
random,129,236,5,9,6,6
random,130,503,7,9,8,8
random,131,94,8,9,8,8
random,132,319,6,9,7,7
random,133,507,8,9,8,8
random,134,629,7,9,8,8
random,135,612,6,9,7,7
random,136,348,7,9,8,8
random,137,234,7,9,8,8
random,138,916,9,9,9,9
random,139,179,6,9,7,7
random,140,115,7,9,8,8
random,141,761,8,9,7,7
random,142,591,7,9,8,8
random,143,46,8,9,9,9
random,144,475,6,9,7,7
random,145,43,9,9,8,8
random,146,698,7,9,8,8
random,147,550,7,9,8,8
random,148,65,7,9,8,8
random,149,901,8,9,9,9
random,150,310,6,9,7,7
random,151,45,9,9,9,9
random,152,81,8,9,7,7
random,153,363,7,9,8,8
random,154,332,8,9,7,7
random,155,38,8,9,9,9
random,156,871,7,9,8,8
random,157,377,8,9,8,8
random,158,879,8,9,7,7
random,159,424,7,9,8,8
random,160,985,6,9,7,7
random,161,123,7,9,8,8
random,162,85,8,9,9,9
random,163,679,7,9,8,8
random,164,914,8,9,9,9
random,165,580,7,9,8,8
random,166,586,7,9,8,8
random,167,140,7,9,8,8
random,168,270,7,9,8,8
random,169,145,6,9,7,7
random,170,703,8,9,7,7
random,171,256,7,9,8,8
random,172,604,7,9,8,8
random,173,937,9,9,9,9
random,174,109,7,9,8,8
random,175,530,8,9,8,8
random,176,702,8,9,9,9
random,177,476,7,9,8,8
random,178,147,7,9,8,8
random,179,113,8,9,8,8
random,180,20,8,9,9,9
random,181,578,8,9,9,9
random,182,561,9,9,9,9
random,183,449,7,9,8,8
random,184,957,8,9,9,9
random,185,297,7,9,8,8
random,186,872,8,9,8,8
random,187,680,8,9,8,8
random,188,239,7,9,8,8
random,189,852,8,9,9,9
random,190,824,7,9,8,8
random,191,175,7,9,8,8
random,192,469,7,9,8,8
random,193,490,7,9,8,8
random,194,415,7,9,8,8
random,195,376,8,9,8,8
random,196,672,8,9,9,9
random,197,33,9,9,8,8
random,198,615,8,9,8,8
random,199,157,8,9,8,8
random,200,336,8,9,9,9
random,201,539,7,9,8,8
random,202,389,6,9,7,7
random,203,253,8,9,9,9
random,204,30,9,10,10,10
random,205,37,9,10,10,10
random,206,543,8,10,9,9
random,207,535,7,10,8,8
random,208,366,8,10,9,9
random,209,950,8,10,9,9
random,210,980,7,10,7,7
random,211,749,8,10,9,9
random,212,734,8,10,8,8
random,213,896,9,10,8,8
random,214,286,8,10,8,8
random,215,874,8,10,8,8
random,216,23,9,10,8,8
random,217,547,9,10,9,9
random,218,465,8,10,8,8
random,219,166,7,10,8,8
random,220,162,8,10,8,8
random,221,343,9,10,8,8
random,222,772,7,10,8,8
random,223,840,8,10,9,9
random,224,953,9,10,9,9
random,225,451,8,10,8,8
random,226,926,8,10,9,9
random,227,910,9,10,10,10
random,228,809,7,10,8,8
random,229,397,6,10,7,7
random,230,686,8,10,9,9
random,231,642,8,10,9,9
random,232,462,8,10,9,9
random,233,631,9,10,8,8
random,234,252,9,10,9,9
random,235,941,8,10,9,9
random,236,48,8,10,9,9
random,237,538,9,10,9,9
random,238,849,9,10,9,9
random,239,493,8,10,9,9
random,240,41,9,10,10,10
random,241,835,7,10,8,8
random,242,152,7,10,8,8
random,243,441,8,10,9,9
random,244,635,9,10,10,10
random,245,486,8,10,9,9
random,246,769,8,10,8,8
random,247,334,9,10,9,9
random,248,817,7,10,8,8
random,249,540,8,10,9,9
random,250,432,8,10,7,7
random,251,596,8,10,8,8
random,252,992,8,10,9,9
random,253,622,8,10,9,9
random,254,504,8,10,9,9
random,255,964,8,10,8,8
random,256,188,8,10,9,9
random,257,911,10,10,9,9
random,258,522,7,10,8,8
random,259,857,8,10,9,9
random,260,969,8,10,9,9
random,261,129,8,10,9,9
random,262,989,9,10,8,8
random,263,975,8,10,9,9
random,264,601,7,10,8,8
random,265,357,7,10,8,8
random,266,339,8,10,9,9
random,267,195,9,10,9,9
random,268,468,8,10,7,7
random,269,848,9,10,9,9
random,270,716,7,10,8,8
random,271,367,9,10,8,8
random,272,246,8,10,9,9
random,273,159,8,10,9,9
random,274,664,8,10,9,9
random,275,648,9,10,10,10
random,276,606,8,10,7,7
random,277,173,8,10,9,9
random,278,262,9,10,10,10
random,279,649,10,10,10,10
random,280,171,9,10,9,9
random,281,172,9,10,10,10
random,282,312,8,10,8,8
random,283,751,9,10,9,9
random,284,962,8,10,9,9
random,285,313,8,10,8,8
random,286,563,9,10,9,9
random,287,909,10,10,10,10
random,288,232,7,10,8,8
random,289,82,9,10,9,9
random,290,34,10,10,10,10
random,291,782,8,10,9,9
random,292,701,9,10,8,8
random,293,757,9,10,9,9
random,294,307,8,10,9,9
random,295,267,8,10,9,9
random,296,579,8,10,9,9
random,297,193,9,10,10,10
random,298,304,9,10,9,9
random,299,64,8,10,9,9
random,300,569,9,10,9,9
random,301,333,9,10,10,10
random,302,326,8,10,9,9
random,303,574,9,10,10,10
random,304,93,8,10,9,9
random,305,799,9,10,10,10
random,306,399,8,10,8,8
random,307,139,8,10,9,9
random,308,514,8,10,7,7
random,309,881,7,10,8,8
random,310,447,9,10,9,9
random,311,296,7,10,8,8
random,312,244,9,10,8,8
random,313,4,7,10,8,8
random,314,513,8,10,9,9
random,315,590,9,10,10,10
random,316,906,10,10,10,10
random,317,873,8,10,9,9
random,318,687,9,10,9,9
random,319,385,7,10,8,8
random,320,995,7,10,8,8
random,321,263,10,10,10,10
random,322,564,9,10,10,10
random,323,982,8,10,9,9
random,324,567,10,10,10,10
random,325,653,9,10,10,10
random,326,920,8,10,9,9
random,327,202,8,10,7,7
random,328,609,8,10,9,9
random,329,979,8,10,9,9
random,330,847,9,10,9,9
random,331,6,8,10,9,9
random,332,35,10,10,9,9
random,333,789,9,10,10,10
random,334,592,9,10,10,10
random,335,322,8,10,9,9
random,336,271,8,10,9,9
random,337,369,9,10,9,9
random,338,218,7,10,8,8
random,339,69,8,10,9,9
random,340,251,9,10,10,10
random,341,434,8,10,9,9
random,342,347,8,10,9,9
random,343,407,8,10,9,9
random,344,405,9,10,8,8
random,345,427,8,10,9,9
random,346,428,9,10,9,9
random,347,930,7,10,8,8
random,348,292,8,10,7,7
random,349,898,10,10,10,10
random,350,804,9,10,10,10
random,351,57,8,10,9,9
random,352,876,8,10,9,9
random,353,623,10,10,10,10
random,354,526,7,10,8,8
random,355,828,9,10,10,10
random,356,302,9,10,9,9
random,357,625,10,10,10,10
random,358,636,8,10,9,9
random,359,295,9,10,10,10
random,360,368,9,10,9,9
random,361,174,9,10,10,10
random,362,327,9,10,10,10
random,363,928,9,10,9,9
random,364,354,9,10,9,9
random,365,524,8,10,9,9
random,366,27,9,10,9,9
random,367,825,10,10,9,9
random,368,435,9,10,9,9
random,369,61,9,10,10,10
random,370,259,10,10,10,10
random,371,610,10,10,9,9
random,372,693,9,10,9,9
random,373,512,9,10,8,8
random,374,19,8,10,9,9
random,375,961,9,10,9,9
random,376,868,8,10,9,9
random,377,474,8,10,9,9
random,378,704,8,10,9,9
random,379,419,8,10,9,9
random,380,618,9,10,10,10
random,381,10,9,10,8,8
random,382,718,9,10,10,10
random,383,410,9,10,10,10
random,384,776,9,10,10,10
random,385,614,9,10,10,10
random,386,52,8,10,9,9
random,387,388,8,10,7,7
random,388,576,9,10,10,10
random,389,404,9,10,10,10
random,390,248,10,10,10,10
random,391,796,10,10,9,9
random,392,167,8,10,9,9
random,393,228,8,10,9,9
random,394,900,10,10,9,9
random,395,846,9,10,9,9
random,396,935,8,10,9,9
random,397,638,9,10,9,9
random,398,60,10,10,9,9
random,399,426,9,10,10,10
random,400,409,10,10,9,9
random,401,250,10,10,10,10
random,402,66,9,10,10,10
random,403,837,9,10,10,10
random,404,735,9,10,10,10
random,405,70,9,10,10,10
random,406,425,10,10,9,9
random,407,515,8,10,9,9
random,408,40,9,10,10,10
random,409,593,10,10,9,9
random,410,947,10,10,10,10
random,411,764,8,10,9,9
random,412,275,7,10,8,8
random,413,21,8,10,9,9
random,414,148,8,10,9,9
random,415,431,9,10,10,10
random,416,391,8,10,9,9
random,417,487,9,10,10,10
random,418,794,10,10,10,10
random,419,126,9,10,8,8
random,420,453,9,10,8,8
random,421,991,9,10,9,9
random,422,375,9,10,10,10
random,423,943,10,10,10,10
random,424,695,9,10,8,8
random,425,883,8,10,7,7
random,426,350,8,10,9,9
random,427,341,9,10,10,10
random,428,155,8,10,9,9
random,429,724,9,10,10,10
random,430,185,9,10,10,10
random,431,521,9,10,8,8
random,432,472,9,10,8,8
random,433,681,9,10,10,10
random,434,158,9,10,9,9
random,435,39,10,10,10,10
random,436,626,10,10,10,10
random,437,417,9,10,9,9
random,438,207,9,10,10,10
random,439,619,10,10,10,10
random,440,111,8,10,9,9
random,441,194,10,10,9,9
random,442,412,10,10,10,10
random,443,284,9,10,10,10
random,444,471,9,10,10,10
random,445,31,10,10,9,9
random,446,888,9,10,10,10
random,447,406,9,10,10,10
random,448,729,10,10,10,10
random,449,150,9,10,9,9
random,450,588,9,10,10,10
random,451,559,8,10,9,9
random,452,599,8,10,9,9
random,453,895,9,10,10,10
random,454,715,9,10,8,8
random,455,545,8,10,9,9
random,456,965,9,10,10,10
random,457,83,9,10,10,10
random,458,938,9,10,10,10
random,459,458,9,10,10,10
random,460,807,10,10,9,9
random,461,100,8,10,9,9
random,462,403,10,10,9,9
random,463,245,9,10,10,10
random,464,821,10,11,11,11
random,465,815,9,11,10,10
random,466,952,10,11,9,9
random,467,667,9,11,10,10
random,468,74,10,11,10,10
random,469,149,9,11,8,8
random,470,141,9,11,10,10
random,471,298,9,11,9,9
random,472,13,9,11,10,10
random,473,603,9,11,10,10
random,474,90,9,11,9,9
random,475,662,10,11,11,11
random,476,381,8,11,9,9
random,477,541,9,11,10,10
random,478,986,8,11,9,9
random,479,131,10,11,10,10
random,480,373,10,11,10,10
random,481,226,10,11,9,9
random,482,418,10,11,10,10
random,483,861,7,11,8,8
random,484,440,9,11,10,10
random,485,551,8,11,9,9
random,486,448,9,11,10,10
random,487,802,9,11,10,10
random,488,890,10,11,10,10
random,489,181,8,11,9,9
random,490,351,9,11,10,10
random,491,880,8,11,9,9
random,492,104,9,11,10,10
random,493,455,10,11,10,10
random,494,555,8,11,9,9
random,495,135,10,11,9,9
random,496,454,10,11,10,10
random,497,192,10,11,10,10
random,498,854,9,11,10,10
random,499,827,10,11,11,11
random,500,829,10,11,11,11
random,501,408,8,11,9,9
random,502,306,9,11,10,10
random,503,460,9,11,10,10
random,504,216,10,11,11,11
random,505,392,10,11,10,10
random,506,889,10,11,9,9
random,507,359,9,11,10,10
random,508,67,9,11,10,10
random,509,338,9,11,10,10
random,510,1,8,11,9,9
random,511,133,10,11,11,11
random,512,450,8,11,9,9
random,513,191,10,11,10,10
random,514,572,9,11,10,10
random,515,328,10,11,10,10
random,516,641,9,11,10,10
random,517,355,9,11,10,10
random,518,107,10,11,10,10
random,519,22,9,11,10,10
random,520,103,10,11,10,10
random,521,414,9,11,9,9
random,522,784,9,11,8,8
random,523,768,8,11,9,9
random,524,358,10,11,10,10
random,525,144,8,11,9,9
random,526,483,8,11,9,9
random,527,568,10,11,10,10
random,528,128,10,11,11,11
random,529,242,9,11,10,10
random,530,352,10,11,10,10
random,531,714,9,11,10,10
random,532,2,9,11,10,10
random,533,711,10,11,9,9
random,534,439,9,11,8,8
random,535,223,10,11,11,11
random,536,869,9,11,8,8
random,537,119,10,11,11,11
random,538,752,9,11,8,8
random,539,997,9,11,8,8
random,540,617,9,11,10,10
random,541,305,10,11,9,9
random,542,165,8,11,9,9
random,543,393,10,11,10,10
random,544,628,10,11,11,11
random,545,918,9,11,9,9
random,546,833,9,11,10,10
random,547,249,10,11,9,9
random,548,485,9,11,10,10
random,549,771,8,11,9,9
random,550,762,9,11,9,9
random,551,633,9,11,10,10
random,552,349,10,11,11,11
random,553,652,10,11,11,11
random,554,445,8,11,9,9
random,555,733,9,11,10,10
random,556,836,10,11,11,11
random,557,932,10,11,11,11
random,558,838,10,11,11,11
random,559,993,8,11,9,9
random,560,127,11,11,11,11
random,561,205,10,11,9,9
random,562,9,9,11,10,10
random,563,496,9,11,10,10
random,564,529,8,11,9,9
random,565,80,10,11,10,10
random,566,75,10,11,10,10
random,567,644,8,11,9,9
random,568,378,8,11,9,9
random,569,671,9,11,10,10
random,570,706,8,11,9,9
random,571,401,9,11,10,10
random,572,356,10,11,10,10
random,573,682,10,11,10,10
random,574,655,11,11,11,11
random,575,755,9,11,10,10
random,576,335,9,11,10,10
random,577,502,8,11,9,9
random,578,151,9,11,10,10
random,579,820,11,11,11,11
random,580,102,10,11,9,9
random,581,196,9,11,10,10
random,582,632,10,11,10,10
random,583,726,10,11,9,9
random,584,788,9,11,10,10
random,585,137,10,11,11,11
random,586,805,10,11,11,11
random,587,744,9,11,10,10
random,588,977,9,11,9,9
random,589,320,9,11,9,9
random,590,945,10,11,9,9
random,591,565,10,11,11,11
random,592,870,9,11,9,9
random,593,370,10,11,10,10
random,594,337,10,11,11,11
random,595,329,10,11,10,10
random,596,24,9,11,9,9
random,597,291,9,11,10,10
random,598,984,9,11,10,10
random,599,773,8,11,9,9
random,600,781,9,11,10,10
random,601,582,9,11,10,10
random,602,558,9,11,10,10
random,603,800,10,11,9,9
random,604,303,10,11,10,10
random,605,105,9,11,10,10
random,606,634,10,11,10,10
random,607,197,10,11,10,10
random,608,810,10,11,11,11
random,609,674,10,11,11,11
random,610,268,9,11,10,10
random,611,340,10,11,11,11
random,612,659,11,11,10,10
random,613,823,11,11,11,11
random,614,783,9,11,10,10
random,615,731,10,11,11,11
random,616,877,9,11,10,10
random,617,261,9,11,9,9
random,618,795,10,11,10,10
random,619,779,10,11,11,11
random,620,345,9,11,10,10
random,621,416,9,11,10,10
random,622,510,9,11,10,10
random,623,134,11,11,11,11
random,624,136,11,11,11,11
random,625,866,8,11,9,9
random,626,280,8,11,9,9
random,627,660,11,11,11,11
random,628,841,10,11,11,11
random,629,786,10,11,10,10
random,630,169,9,11,10,10
random,631,215,11,11,11,11
random,632,573,10,11,11,11
random,633,422,10,11,10,10
random,634,309,8,11,9,9
random,635,774,9,11,10,10
random,636,797,10,11,11,11
random,637,575,10,11,11,11
random,638,501,9,11,10,10
random,639,121,11,11,10,10
random,640,673,10,11,11,11
random,641,678,10,11,11,11
random,642,488,10,11,10,10
random,643,999,9,11,10,10
random,644,722,10,11,11,11
random,645,656,10,11,11,11
random,646,940,10,11,10,10
random,647,459,10,11,10,10
random,648,491,8,11,9,9
random,649,645,11,12,12,12
random,650,519,9,12,10,10
random,651,301,8,12,9,9
random,652,663,10,12,11,11
random,653,831,9,12,10,10
random,654,177,9,12,10,10
random,655,688,9,12,10,10
random,656,700,9,12,10,10
random,657,142,9,12,10,10
random,658,696,9,12,10,10
random,659,697,10,12,10,10
random,660,211,11,12,11,11
random,661,897,10,12,11,11
random,662,164,9,12,10,10
random,663,988,8,12,9,9
random,664,14,10,12,10,10
random,665,546,9,12,8,8
random,666,308,9,12,9,9
random,667,657,11,12,11,11
random,668,429,10,12,9,9
random,669,254,9,12,10,10
random,670,960,9,12,10,10
random,671,759,9,12,10,10
random,672,790,10,12,11,11
random,673,741,10,12,10,10
random,674,87,8,12,9,9
random,675,798,11,12,10,10
random,676,851,10,12,11,11
random,677,892,10,12,11,11
random,678,49,10,12,11,11
random,679,58,10,12,10,10
random,680,187,9,12,10,10
random,681,78,10,12,9,9
random,682,219,10,12,11,11
random,683,850,11,12,10,10
random,684,583,10,12,11,11
random,685,190,10,12,11,11
random,686,390,9,12,10,10
random,687,843,11,12,11,11
random,688,763,9,12,10,10
random,689,47,10,12,11,11
random,690,822,11,12,11,11
random,691,444,9,12,10,10
random,692,289,9,12,10,10
random,693,893,11,12,11,11
random,694,506,9,12,10,10
random,695,241,10,12,9,9
random,696,814,10,12,10,10
random,697,198,10,12,11,11
random,698,257,9,12,10,10
random,699,913,8,12,9,9
random,700,168,10,12,9,9
random,701,294,9,12,9,9
random,702,189,11,12,11,11
random,703,258,10,12,11,11
random,704,217,11,12,11,11
random,705,138,11,12,11,11
random,706,760,10,12,11,11
random,707,120,11,12,11,11
random,708,647,12,12,12,12
random,709,785,10,12,11,11
random,710,91,10,12,11,11
random,711,106,10,12,9,9
random,712,492,9,12,10,10
random,713,461,10,12,10,10
random,714,300,9,12,8,8
random,715,946,10,12,11,11
random,716,690,10,12,10,10
random,717,99,10,12,11,11
random,718,500,9,12,9,9
random,719,293,9,12,10,10
random,720,787,10,12,11,11
random,721,907,10,12,11,11
random,722,745,10,12,11,11
random,723,380,10,12,11,11
random,724,156,8,12,9,9
random,725,314,8,12,9,9
random,726,976,9,12,10,10
random,727,213,10,12,11,11
random,728,577,10,12,11,11
random,729,552,9,12,9,9
random,730,557,10,12,10,10
random,731,371,10,12,9,9
random,732,212,11,12,10,10
random,733,423,10,12,9,9
random,734,255,10,12,11,11
random,735,658,11,12,11,11
random,736,387,9,12,10,10
random,737,951,10,12,11,11
random,738,184,10,12,11,11
random,739,621,10,12,11,11
random,740,361,10,12,10,10
random,741,238,11,12,11,11
random,742,616,10,12,11,11
random,743,44,10,12,11,11
random,744,689,10,12,11,11
random,745,856,11,12,10,10
random,746,154,8,12,9,9
random,747,740,10,12,11,11
random,748,208,10,12,11,11
random,749,882,8,12,9,9
random,750,479,8,12,9,9
random,751,240,10,12,11,11
random,752,927,9,12,10,10
random,753,430,10,12,11,11
random,754,669,9,12,10,10
random,755,808,10,12,11,11
random,756,691,10,12,11,11
random,757,542,10,12,10,10
random,758,834,9,12,10,10
random,759,685,10,12,11,11
random,760,77,10,12,11,11
random,761,8,10,12,9,9
random,762,68,10,12,10,10
random,763,727,10,12,11,11
random,764,203,10,12,11,11
random,765,283,9,12,10,10
random,766,919,9,12,10,10
random,767,273,9,12,10,10
random,768,620,11,12,10,10
random,769,863,9,12,9,9
random,770,949,10,12,11,11
random,771,108,10,12,11,11
random,772,739,11,12,11,11
random,773,199,11,12,11,11
random,774,812,11,12,11,11
random,775,537,9,12,10,10
random,776,566,11,12,11,11
random,777,161,9,12,10,10
random,778,470,10,12,9,9
random,779,736,10,12,11,11
random,780,402,10,12,10,10
random,781,394,10,12,10,10
random,782,237,11,12,12,12
random,783,753,10,12,11,11
random,784,231,9,12,10,10
random,785,225,9,12,10,10
random,786,737,11,12,11,11
random,787,96,10,12,11,11
random,788,411,9,12,10,10
random,789,875,9,12,10,10
random,790,489,10,12,10,10
random,791,266,9,12,10,10
random,792,382,10,12,11,11
random,793,146,8,12,9,9
random,794,457,9,12,10,10
random,795,36,10,12,11,11
random,796,209,11,12,11,11
random,797,288,10,12,10,10
random,798,467,8,12,9,9
random,799,509,10,12,11,11
random,800,446,9,12,10,10
random,801,114,11,12,12,12
random,802,712,10,12,10,10
random,803,7,10,12,11,11
random,804,25,9,12,10,10
random,805,214,11,12,11,11
random,806,260,9,12,10,10
random,807,721,11,12,11,11
random,808,806,11,12,11,11
random,809,650,11,12,12,12
random,810,26,10,12,10,10
random,811,605,9,12,10,10
random,812,98,11,12,11,11
random,813,607,10,12,10,10
random,814,793,10,12,11,11
random,815,182,10,12,11,11
random,816,413,9,12,10,10
random,817,624,10,12,11,11
random,818,499,9,12,10,10
random,819,285,9,12,10,10
random,820,921,9,12,10,10
random,821,331,10,12,10,10
random,822,845,11,12,11,11
random,823,481,9,12,10,10
random,824,972,8,12,9,9
random,825,998,10,12,10,10
random,826,966,10,12,10,10
random,827,16,9,12,10,10
random,828,608,10,12,9,9
random,829,811,11,12,10,10
random,830,581,10,12,11,11
random,831,933,11,12,10,10
random,832,482,10,12,9,9
random,833,719,9,12,10,10
random,834,864,9,12,10,10
random,835,42,10,12,11,11
random,836,826,10,12,11,11
random,837,694,9,12,10,10
random,838,364,9,12,10,10
random,839,342,10,12,11,11
random,840,11,10,12,11,11
random,841,79,10,12,11,11
random,842,981,9,12,10,10
random,843,235,10,12,11,11
random,844,571,10,12,11,11
random,845,452,9,12,10,10
random,846,299,9,12,10,10
random,847,315,9,12,9,9
random,848,939,10,12,11,11
random,849,227,9,12,10,10
random,850,676,11,12,11,11
random,851,473,9,12,10,10
random,852,95,11,12,10,10
random,853,758,10,12,11,11
random,854,384,9,12,10,10
random,855,395,10,12,11,11
random,856,963,10,12,10,10
random,857,942,10,12,11,11
random,858,153,9,12,10,10
random,859,206,11,12,11,11
random,860,665,10,12,11,11
random,861,858,11,12,11,11
random,862,436,10,12,11,11
random,863,287,10,12,11,11
random,864,756,10,12,11,11
random,865,912,9,12,9,9
random,866,71,9,12,10,10
random,867,944,10,12,11,11
random,868,92,11,12,11,11
random,869,72,10,12,10,10
random,870,330,10,12,11,11
random,871,55,9,12,10,10
random,872,372,10,12,11,11
random,873,494,9,12,10,10
random,874,954,10,12,11,11
random,875,110,9,12,10,10
random,876,595,10,12,10,10
random,877,855,10,12,11,11
random,878,746,11,12,10,10
random,879,360,10,12,11,11
random,880,891,11,12,11,11
random,881,344,10,12,10,10
random,882,777,9,12,10,10
random,883,122,10,12,11,11
random,884,544,9,12,10,10
random,885,160,10,12,10,10
random,886,520,10,12,10,10
random,887,709,9,12,10,10
random,888,958,10,12,10,10
random,889,766,9,12,10,10
random,890,400,10,12,10,10
random,891,222,11,12,12,12
random,892,442,10,12,10,10
random,893,125,10,12,11,11
random,894,323,9,12,10,10
random,895,224,11,12,12,12
random,896,699,9,12,10,10
random,897,816,10,12,11,11
random,898,684,11,12,10,10
random,899,646,12,12,12,12
random,900,346,10,12,11,11
random,901,725,11,12,11,11
random,902,654,10,12,11,11
random,903,178,10,12,11,11
random,904,243,10,12,11,11
random,905,902,10,12,11,11
random,906,116,11,12,12,12
random,907,903,11,12,11,11
random,908,598,10,12,11,11
random,909,713,10,12,9,9
random,910,983,10,12,10,10
random,911,264,8,12,9,9
random,912,899,10,12,11,11
random,913,18,10,12,9,9
random,914,640,12,12,11,11
random,915,908,11,12,11,11
random,916,842,10,12,11,11
random,917,675,11,12,11,11
random,918,290,10,12,11,11
random,919,878,11,12,11,11
random,920,611,9,12,10,10
random,921,221,12,12,11,11
random,922,220,12,12,12,12
random,923,73,10,12,11,11
random,924,627,11,12,10,10
random,925,477,8,12,9,9
random,926,508,11,12,11,11
random,927,677,11,12,12,12
random,928,747,11,12,12,12
random,929,742,11,12,12,12
random,930,967,9,12,10,10
random,931,750,9,12,10,10
random,932,464,8,12,9,9
random,933,922,10,12,9,9
random,934,562,9,12,10,10
random,935,770,9,12,10,10
random,936,63,9,12,10,10
random,937,594,10,12,10,10
random,938,495,10,12,9,9
random,939,516,10,12,11,11
random,940,76,11,12,10,10
random,941,180,10,12,11,11
random,942,801,10,12,11,11
random,943,311,9,12,10,10
random,944,643,11,12,12,12
random,945,743,12,12,12,12
random,946,527,9,12,10,10
random,947,754,11,12,11,11
random,948,276,9,12,8,8
random,949,466,9,12,10,10
random,950,324,10,12,10,10
random,951,780,11,12,10,10
random,952,456,10,12,11,11
random,953,971,9,12,10,10
random,954,934,11,12,11,11
random,955,990,9,12,10,10
random,956,708,10,12,10,10
random,957,17,10,12,11,11
random,958,362,10,12,11,11
random,959,728,11,12,12,12
random,960,853,10,12,11,11
random,961,269,10,12,10,10
random,962,229,9,12,10,10
random,963,386,10,12,11,11
random,964,272,10,12,9,9
random,965,132,11,12,12,12
random,966,124,11,12,12,12
random,967,570,11,12,11,11
random,968,818,10,12,11,11
random,969,639,12,12,12,12
random,970,661,12,12,12,12
random,971,549,9,12,10,10
random,972,89,11,12,12,12
random,973,996,9,12,10,10
random,974,374,10,12,11,11
random,975,867,10,12,9,9
random,976,498,10,12,10,10
random,977,959,10,12,11,11
random,978,862,10,12,11,11
random,979,668,11,12,12,12
random,980,534,9,12,8,8
random,981,518,11,12,11,11
random,982,517,11,12,11,11
random,983,511,11,12,11,11
random,984,282,10,12,11,11
random,985,533,9,12,10,10
random,986,637,10,12,11,11
random,987,723,10,12,11,11
random,988,59,10,12,10,10
random,989,101,11,12,12,12
random,990,904,11,12,11,11
random,991,730,11,12,12,12
random,992,666,11,12,12,12
random,993,554,9,12,10,10
random,994,84,9,12,9,9
random,995,584,10,12,11,11
random,996,683,11,12,12,12
random,997,832,9,12,10,10
random,998,525,10,12,11,11
random,999,443,10,12,9,9
random,1000,318,10,12,11,11
sorted,1,1,0,1,1,1
sorted,2,2,1,2,2,2
sorted,3,3,2,2,2,2
sorted,4,4,2,3,3,3
sorted,5,5,3,3,3,3
sorted,6,6,3,4,4,4
sorted,7,7,4,4,4,4
sorted,8,8,4,4,4,4
sorted,9,9,4,4,4,4
sorted,10,10,4,5,5,5
sorted,11,11,5,5,5,5
sorted,12,12,5,5,5,5
sorted,13,13,5,5,5,5
sorted,14,14,5,6,6,6
sorted,15,15,6,6,6,6
sorted,16,16,6,6,6,6
sorted,17,17,6,6,6,6
sorted,18,18,6,6,6,6
sorted,19,19,6,6,6,6
sorted,20,20,6,6,6,6
sorted,21,21,6,6,6,6
sorted,22,22,6,7,7,7
sorted,23,23,7,7,7,7
sorted,24,24,7,7,7,7
sorted,25,25,7,7,7,7
sorted,26,26,7,7,7,7
sorted,27,27,7,7,7,7
sorted,28,28,7,7,7,7
sorted,29,29,7,7,7,7
sorted,30,30,7,8,8,8
sorted,31,31,8,8,8,8
sorted,32,32,8,8,8,8
sorted,33,33,8,8,8,8
sorted,34,34,8,8,8,8
sorted,35,35,8,8,8,8
sorted,36,36,8,8,8,8
sorted,37,37,8,8,8,8
sorted,38,38,8,8,8,8
sorted,39,39,8,8,8,8
sorted,40,40,8,8,8,8
sorted,41,41,8,8,8,8
sorted,42,42,8,8,8,8
sorted,43,43,8,8,8,8
sorted,44,44,8,8,8,8
sorted,45,45,8,8,8,8
sorted,46,46,8,9,9,9
sorted,47,47,9,9,9,9
sorted,48,48,9,9,9,9
sorted,49,49,9,9,9,9
sorted,50,50,9,9,9,9
sorted,51,51,9,9,9,9
sorted,52,52,9,9,9,9
sorted,53,53,9,9,9,9
sorted,54,54,9,9,9,9
sorted,55,55,9,9,9,9
sorted,56,56,9,9,9,9
sorted,57,57,9,9,9,9
sorted,58,58,9,9,9,9
sorted,59,59,9,9,9,9
sorted,60,60,9,9,9,9
sorted,61,61,9,9,9,9
sorted,62,62,9,10,10,10
sorted,63,63,10,10,10,10
sorted,64,64,10,10,10,10
sorted,65,65,10,10,10,10
sorted,66,66,10,10,10,10
sorted,67,67,10,10,10,10
sorted,68,68,10,10,10,10
sorted,69,69,10,10,10,10
sorted,70,70,10,10,10,10
sorted,71,71,10,10,10,10
sorted,72,72,10,10,10,10
sorted,73,73,10,10,10,10
sorted,74,74,10,10,10,10
sorted,75,75,10,10,10,10
sorted,76,76,10,10,10,10
sorted,77,77,10,10,10,10
sorted,78,78,10,10,10,10
sorted,79,79,10,10,10,10
sorted,80,80,10,10,10,10
sorted,81,81,10,10,10,10
sorted,82,82,10,10,10,10
sorted,83,83,10,10,10,10
sorted,84,84,10,10,10,10
sorted,85,85,10,10,10,10
sorted,86,86,10,10,10,10
sorted,87,87,10,10,10,10
sorted,88,88,10,10,10,10
sorted,89,89,10,10,10,10
sorted,90,90,10,10,10,10
sorted,91,91,10,10,10,10
sorted,92,92,10,10,10,10
sorted,93,93,10,10,10,10
sorted,94,94,10,11,11,11
sorted,95,95,11,11,11,11
sorted,96,96,11,11,11,11
sorted,97,97,11,11,11,11
sorted,98,98,11,11,11,11
sorted,99,99,11,11,11,11
sorted,100,100,11,11,11,11
sorted,101,101,11,11,11,11
sorted,102,102,11,11,11,11
sorted,103,103,11,11,11,11
sorted,104,104,11,11,11,11
sorted,105,105,11,11,11,11
sorted,106,106,11,11,11,11
sorted,107,107,11,11,11,11
sorted,108,108,11,11,11,11
sorted,109,109,11,11,11,11
sorted,110,110,11,11,11,11
sorted,111,111,11,11,11,11
sorted,112,112,11,11,11,11
sorted,113,113,11,11,11,11
sorted,114,114,11,11,11,11
sorted,115,115,11,11,11,11
sorted,116,116,11,11,11,11
sorted,117,117,11,11,11,11
sorted,118,118,11,11,11,11
sorted,119,119,11,11,11,11
sorted,120,120,11,11,11,11
sorted,121,121,11,11,11,11
sorted,122,122,11,11,11,11
sorted,123,123,11,11,11,11
sorted,124,124,11,11,11,11
sorted,125,125,11,11,11,11
sorted,126,126,11,12,12,12
sorted,127,127,12,12,12,12
sorted,128,128,12,12,12,12
sorted,129,129,12,12,12,12
sorted,130,130,12,12,12,12
sorted,131,131,12,12,12,12
sorted,132,132,12,12,12,12
sorted,133,133,12,12,12,12
sorted,134,134,12,12,12,12
sorted,135,135,12,12,12,12
sorted,136,136,12,12,12,12
sorted,137,137,12,12,12,12
sorted,138,138,12,12,12,12
sorted,139,139,12,12,12,12
sorted,140,140,12,12,12,12
sorted,141,141,12,12,12,12
sorted,142,142,12,12,12,12
sorted,143,143,12,12,12,12
sorted,144,144,12,12,12,12
sorted,145,145,12,12,12,12
sorted,146,146,12,12,12,12
sorted,147,147,12,12,12,12
sorted,148,148,12,12,12,12
sorted,149,149,12,12,12,12
sorted,150,150,12,12,12,12
sorted,151,151,12,12,12,12
sorted,152,152,12,12,12,12
sorted,153,153,12,12,12,12
sorted,154,154,12,12,12,12
sorted,155,155,12,12,12,12
sorted,156,156,12,12,12,12
sorted,157,157,12,12,12,12
sorted,158,158,12,12,12,12
sorted,159,159,12,12,12,12
sorted,160,160,12,12,12,12
sorted,161,161,12,12,12,12
sorted,162,162,12,12,12,12
sorted,163,163,12,12,12,12
sorted,164,164,12,12,12,12
sorted,165,165,12,12,12,12
sorted,166,166,12,12,12,12
sorted,167,167,12,12,12,12
sorted,168,168,12,12,12,12
sorted,169,169,12,12,12,12
sorted,170,170,12,12,12,12
sorted,171,171,12,12,12,12
sorted,172,172,12,12,12,12
sorted,173,173,12,12,12,12
sorted,174,174,12,12,12,12
sorted,175,175,12,12,12,12
sorted,176,176,12,12,12,12
sorted,177,177,12,12,12,12
sorted,178,178,12,12,12,12
sorted,179,179,12,12,12,12
sorted,180,180,12,12,12,12
sorted,181,181,12,12,12,12
sorted,182,182,12,12,12,12
sorted,183,183,12,12,12,12
sorted,184,184,12,12,12,12
sorted,185,185,12,12,12,12
sorted,186,186,12,12,12,12
sorted,187,187,12,12,12,12
sorted,188,188,12,12,12,12
sorted,189,189,12,12,12,12
sorted,190,190,12,13,13,13
sorted,191,191,13,13,13,13
sorted,192,192,13,13,13,13
sorted,193,193,13,13,13,13
sorted,194,194,13,13,13,13
sorted,195,195,13,13,13,13
sorted,196,196,13,13,13,13
sorted,197,197,13,13,13,13
sorted,198,198,13,13,13,13
sorted,199,199,13,13,13,13
sorted,200,200,13,13,13,13
sorted,201,201,13,13,13,13
sorted,202,202,13,13,13,13
sorted,203,203,13,13,13,13
sorted,204,204,13,13,13,13
sorted,205,205,13,13,13,13
sorted,206,206,13,13,13,13
sorted,207,207,13,13,13,13
sorted,208,208,13,13,13,13
sorted,209,209,13,13,13,13
sorted,210,210,13,13,13,13
sorted,211,211,13,13,13,13
sorted,212,212,13,13,13,13
sorted,213,213,13,13,13,13
sorted,214,214,13,13,13,13
sorted,215,215,13,13,13,13
sorted,216,216,13,13,13,13
sorted,217,217,13,13,13,13
sorted,218,218,13,13,13,13
sorted,219,219,13,13,13,13
sorted,220,220,13,13,13,13
sorted,221,221,13,13,13,13
sorted,222,222,13,13,13,13
sorted,223,223,13,13,13,13
sorted,224,224,13,13,13,13
sorted,225,225,13,13,13,13
sorted,226,226,13,13,13,13
sorted,227,227,13,13,13,13
sorted,228,228,13,13,13,13
sorted,229,229,13,13,13,13
sorted,230,230,13,13,13,13
sorted,231,231,13,13,13,13
sorted,232,232,13,13,13,13
sorted,233,233,13,13,13,13
sorted,234,234,13,13,13,13
sorted,235,235,13,13,13,13
sorted,236,236,13,13,13,13
sorted,237,237,13,13,13,13
sorted,238,238,13,13,13,13
sorted,239,239,13,13,13,13
sorted,240,240,13,13,13,13
sorted,241,241,13,13,13,13
sorted,242,242,13,13,13,13
sorted,243,243,13,13,13,13
sorted,244,244,13,13,13,13
sorted,245,245,13,13,13,13
sorted,246,246,13,13,13,13
sorted,247,247,13,13,13,13
sorted,248,248,13,13,13,13
sorted,249,249,13,13,13,13
sorted,250,250,13,13,13,13
sorted,251,251,13,13,13,13
sorted,252,252,13,13,13,13
sorted,253,253,13,13,13,13
sorted,254,254,13,14,14,14
sorted,255,255,14,14,14,14
sorted,256,256,14,14,14,14
sorted,257,257,14,14,14,14
sorted,258,258,14,14,14,14
sorted,259,259,14,14,14,14
sorted,260,260,14,14,14,14
sorted,261,261,14,14,14,14
sorted,262,262,14,14,14,14
sorted,263,263,14,14,14,14
sorted,264,264,14,14,14,14
sorted,265,265,14,14,14,14
sorted,266,266,14,14,14,14
sorted,267,267,14,14,14,14
sorted,268,268,14,14,14,14
sorted,269,269,14,14,14,14
sorted,270,270,14,14,14,14
sorted,271,271,14,14,14,14
sorted,272,272,14,14,14,14
sorted,273,273,14,14,14,14
sorted,274,274,14,14,14,14
sorted,275,275,14,14,14,14
sorted,276,276,14,14,14,14
sorted,277,277,14,14,14,14
sorted,278,278,14,14,14,14
sorted,279,279,14,14,14,14
sorted,280,280,14,14,14,14
sorted,281,281,14,14,14,14
sorted,282,282,14,14,14,14
sorted,283,283,14,14,14,14
sorted,284,284,14,14,14,14
sorted,285,285,14,14,14,14
sorted,286,286,14,14,14,14
sorted,287,287,14,14,14,14
sorted,288,288,14,14,14,14
sorted,289,289,14,14,14,14
sorted,290,290,14,14,14,14
sorted,291,291,14,14,14,14
sorted,292,292,14,14,14,14
sorted,293,293,14,14,14,14
sorted,294,294,14,14,14,14
sorted,295,295,14,14,14,14
sorted,296,296,14,14,14,14
sorted,297,297,14,14,14,14
sorted,298,298,14,14,14,14
sorted,299,299,14,14,14,14
sorted,300,300,14,14,14,14
sorted,301,301,14,14,14,14
sorted,302,302,14,14,14,14
sorted,303,303,14,14,14,14
sorted,304,304,14,14,14,14
sorted,305,305,14,14,14,14
sorted,306,306,14,14,14,14
sorted,307,307,14,14,14,14
sorted,308,308,14,14,14,14
sorted,309,309,14,14,14,14
sorted,310,310,14,14,14,14
sorted,311,311,14,14,14,14
sorted,312,312,14,14,14,14
sorted,313,313,14,14,14,14
sorted,314,314,14,14,14,14
sorted,315,315,14,14,14,14
sorted,316,316,14,14,14,14
sorted,317,317,14,14,14,14
sorted,318,318,14,14,14,14
sorted,319,319,14,14,14,14
sorted,320,320,14,14,14,14
sorted,321,321,14,14,14,14
sorted,322,322,14,14,14,14
sorted,323,323,14,14,14,14
sorted,324,324,14,14,14,14
sorted,325,325,14,14,14,14
sorted,326,326,14,14,14,14
sorted,327,327,14,14,14,14
sorted,328,328,14,14,14,14
sorted,329,329,14,14,14,14
sorted,330,330,14,14,14,14
sorted,331,331,14,14,14,14
sorted,332,332,14,14,14,14
sorted,333,333,14,14,14,14
sorted,334,334,14,14,14,14
sorted,335,335,14,14,14,14
sorted,336,336,14,14,14,14
sorted,337,337,14,14,14,14
sorted,338,338,14,14,14,14
sorted,339,339,14,14,14,14
sorted,340,340,14,14,14,14
sorted,341,341,14,14,14,14
sorted,342,342,14,14,14,14
sorted,343,343,14,14,14,14
sorted,344,344,14,14,14,14
sorted,345,345,14,14,14,14
sorted,346,346,14,14,14,14
sorted,347,347,14,14,14,14
sorted,348,348,14,14,14,14
sorted,349,349,14,14,14,14
sorted,350,350,14,14,14,14
sorted,351,351,14,14,14,14
sorted,352,352,14,14,14,14
sorted,353,353,14,14,14,14
sorted,354,354,14,14,14,14
sorted,355,355,14,14,14,14
sorted,356,356,14,14,14,14
sorted,357,357,14,14,14,14
sorted,358,358,14,14,14,14
sorted,359,359,14,14,14,14
sorted,360,360,14,14,14,14
sorted,361,361,14,14,14,14
sorted,362,362,14,14,14,14
sorted,363,363,14,14,14,14
sorted,364,364,14,14,14,14
sorted,365,365,14,14,14,14
sorted,366,366,14,14,14,14
sorted,367,367,14,14,14,14
sorted,368,368,14,14,14,14
sorted,369,369,14,14,14,14
sorted,370,370,14,14,14,14
sorted,371,371,14,14,14,14
sorted,372,372,14,14,14,14
sorted,373,373,14,14,14,14
sorted,374,374,14,14,14,14
sorted,375,375,14,14,14,14
sorted,376,376,14,14,14,14
sorted,377,377,14,14,14,14
sorted,378,378,14,14,14,14
sorted,379,379,14,14,14,14
sorted,380,380,14,14,14,14
sorted,381,381,14,14,14,14
sorted,382,382,14,15,15,15
sorted,383,383,15,15,15,15
sorted,384,384,15,15,15,15
sorted,385,385,15,15,15,15
sorted,386,386,15,15,15,15
sorted,387,387,15,15,15,15
sorted,388,388,15,15,15,15
sorted,389,389,15,15,15,15
sorted,390,390,15,15,15,15
sorted,391,391,15,15,15,15
sorted,392,392,15,15,15,15
sorted,393,393,15,15,15,15
sorted,394,394,15,15,15,15
sorted,395,395,15,15,15,15
sorted,396,396,15,15,15,15
sorted,397,397,15,15,15,15
sorted,398,398,15,15,15,15
sorted,399,399,15,15,15,15
sorted,400,400,15,15,15,15
sorted,401,401,15,15,15,15
sorted,402,402,15,15,15,15
sorted,403,403,15,15,15,15
sorted,404,404,15,15,15,15
sorted,405,405,15,15,15,15
sorted,406,406,15,15,15,15
sorted,407,407,15,15,15,15
sorted,408,408,15,15,15,15
sorted,409,409,15,15,15,15
sorted,410,410,15,15,15,15
sorted,411,411,15,15,15,15
sorted,412,412,15,15,15,15
sorted,413,413,15,15,15,15
sorted,414,414,15,15,15,15
sorted,415,415,15,15,15,15
sorted,416,416,15,15,15,15
sorted,417,417,15,15,15,15
sorted,418,418,15,15,15,15
sorted,419,419,15,15,15,15
sorted,420,420,15,15,15,15
sorted,421,421,15,15,15,15
sorted,422,422,15,15,15,15
sorted,423,423,15,15,15,15
sorted,424,424,15,15,15,15
sorted,425,425,15,15,15,15
sorted,426,426,15,15,15,15
sorted,427,427,15,15,15,15
sorted,428,428,15,15,15,15
sorted,429,429,15,15,15,15
sorted,430,430,15,15,15,15
sorted,431,431,15,15,15,15
sorted,432,432,15,15,15,15
sorted,433,433,15,15,15,15
sorted,434,434,15,15,15,15
sorted,435,435,15,15,15,15
sorted,436,436,15,15,15,15
sorted,437,437,15,15,15,15
sorted,438,438,15,15,15,15
sorted,439,439,15,15,15,15
sorted,440,440,15,15,15,15
sorted,441,441,15,15,15,15
sorted,442,442,15,15,15,15
sorted,443,443,15,15,15,15
sorted,444,444,15,15,15,15
sorted,445,445,15,15,15,15
sorted,446,446,15,15,15,15
sorted,447,447,15,15,15,15
sorted,448,448,15,15,15,15
sorted,449,449,15,15,15,15
sorted,450,450,15,15,15,15
sorted,451,451,15,15,15,15
sorted,452,452,15,15,15,15
sorted,453,453,15,15,15,15
sorted,454,454,15,15,15,15
sorted,455,455,15,15,15,15
sorted,456,456,15,15,15,15
sorted,457,457,15,15,15,15
sorted,458,458,15,15,15,15
sorted,459,459,15,15,15,15
sorted,460,460,15,15,15,15
sorted,461,461,15,15,15,15
sorted,462,462,15,15,15,15
sorted,463,463,15,15,15,15
sorted,464,464,15,15,15,15
sorted,465,465,15,15,15,15
sorted,466,466,15,15,15,15
sorted,467,467,15,15,15,15
sorted,468,468,15,15,15,15
sorted,469,469,15,15,15,15
sorted,470,470,15,15,15,15
sorted,471,471,15,15,15,15
sorted,472,472,15,15,15,15
sorted,473,473,15,15,15,15
sorted,474,474,15,15,15,15
sorted,475,475,15,15,15,15
sorted,476,476,15,15,15,15
sorted,477,477,15,15,15,15
sorted,478,478,15,15,15,15
sorted,479,479,15,15,15,15
sorted,480,480,15,15,15,15
sorted,481,481,15,15,15,15
sorted,482,482,15,15,15,15
sorted,483,483,15,15,15,15
sorted,484,484,15,15,15,15
sorted,485,485,15,15,15,15
sorted,486,486,15,15,15,15
sorted,487,487,15,15,15,15
sorted,488,488,15,15,15,15
sorted,489,489,15,15,15,15
sorted,490,490,15,15,15,15
sorted,491,491,15,15,15,15
sorted,492,492,15,15,15,15
sorted,493,493,15,15,15,15
sorted,494,494,15,15,15,15
sorted,495,495,15,15,15,15
sorted,496,496,15,15,15,15
sorted,497,497,15,15,15,15
sorted,498,498,15,15,15,15
sorted,499,499,15,15,15,15
sorted,500,500,15,15,15,15
sorted,501,501,15,15,15,15
sorted,502,502,15,15,15,15
sorted,503,503,15,15,15,15
sorted,504,504,15,15,15,15
sorted,505,505,15,15,15,15
sorted,506,506,15,15,15,15
sorted,507,507,15,15,15,15
sorted,508,508,15,15,15,15
sorted,509,509,15,15,15,15
sorted,510,510,15,16,16,16
sorted,511,511,16,16,16,16
sorted,512,512,16,16,16,16
sorted,513,513,16,16,16,16
sorted,514,514,16,16,16,16
sorted,515,515,16,16,16,16
sorted,516,516,16,16,16,16
sorted,517,517,16,16,16,16
sorted,518,518,16,16,16,16
sorted,519,519,16,16,16,16
sorted,520,520,16,16,16,16
sorted,521,521,16,16,16,16
sorted,522,522,16,16,16,16
sorted,523,523,16,16,16,16
sorted,524,524,16,16,16,16
sorted,525,525,16,16,16,16
sorted,526,526,16,16,16,16
sorted,527,527,16,16,16,16
sorted,528,528,16,16,16,16
sorted,529,529,16,16,16,16
sorted,530,530,16,16,16,16
sorted,531,531,16,16,16,16
sorted,532,532,16,16,16,16
sorted,533,533,16,16,16,16
sorted,534,534,16,16,16,16
sorted,535,535,16,16,16,16
sorted,536,536,16,16,16,16
sorted,537,537,16,16,16,16
sorted,538,538,16,16,16,16
sorted,539,539,16,16,16,16
sorted,540,540,16,16,16,16
sorted,541,541,16,16,16,16
sorted,542,542,16,16,16,16
sorted,543,543,16,16,16,16
sorted,544,544,16,16,16,16
sorted,545,545,16,16,16,16
sorted,546,546,16,16,16,16
sorted,547,547,16,16,16,16
sorted,548,548,16,16,16,16
sorted,549,549,16,16,16,16
sorted,550,550,16,16,16,16
sorted,551,551,16,16,16,16
sorted,552,552,16,16,16,16
sorted,553,553,16,16,16,16
sorted,554,554,16,16,16,16
sorted,555,555,16,16,16,16
sorted,556,556,16,16,16,16
sorted,557,557,16,16,16,16
sorted,558,558,16,16,16,16
sorted,559,559,16,16,16,16
sorted,560,560,16,16,16,16
sorted,561,561,16,16,16,16
sorted,562,562,16,16,16,16
sorted,563,563,16,16,16,16
sorted,564,564,16,16,16,16
sorted,565,565,16,16,16,16
sorted,566,566,16,16,16,16
sorted,567,567,16,16,16,16
sorted,568,568,16,16,16,16
sorted,569,569,16,16,16,16
sorted,570,570,16,16,16,16
sorted,571,571,16,16,16,16
sorted,572,572,16,16,16,16
sorted,573,573,16,16,16,16
sorted,574,574,16,16,16,16
sorted,575,575,16,16,16,16
sorted,576,576,16,16,16,16
sorted,577,577,16,16,16,16
sorted,578,578,16,16,16,16
sorted,579,579,16,16,16,16
sorted,580,580,16,16,16,16
sorted,581,581,16,16,16,16
sorted,582,582,16,16,16,16
sorted,583,583,16,16,16,16
sorted,584,584,16,16,16,16
sorted,585,585,16,16,16,16
sorted,586,586,16,16,16,16
sorted,587,587,16,16,16,16
sorted,588,588,16,16,16,16
sorted,589,589,16,16,16,16
sorted,590,590,16,16,16,16
sorted,591,591,16,16,16,16
sorted,592,592,16,16,16,16
sorted,593,593,16,16,16,16
sorted,594,594,16,16,16,16
sorted,595,595,16,16,16,16
sorted,596,596,16,16,16,16
sorted,597,597,16,16,16,16
sorted,598,598,16,16,16,16
sorted,599,599,16,16,16,16
sorted,600,600,16,16,16,16
sorted,601,601,16,16,16,16
sorted,602,602,16,16,16,16
sorted,603,603,16,16,16,16
sorted,604,604,16,16,16,16
sorted,605,605,16,16,16,16
sorted,606,606,16,16,16,16
sorted,607,607,16,16,16,16
sorted,608,608,16,16,16,16
sorted,609,609,16,16,16,16
sorted,610,610,16,16,16,16
sorted,611,611,16,16,16,16
sorted,612,612,16,16,16,16
sorted,613,613,16,16,16,16
sorted,614,614,16,16,16,16
sorted,615,615,16,16,16,16
sorted,616,616,16,16,16,16
sorted,617,617,16,16,16,16
sorted,618,618,16,16,16,16
sorted,619,619,16,16,16,16
sorted,620,620,16,16,16,16
sorted,621,621,16,16,16,16
sorted,622,622,16,16,16,16
sorted,623,623,16,16,16,16
sorted,624,624,16,16,16,16
sorted,625,625,16,16,16,16
sorted,626,626,16,16,16,16
sorted,627,627,16,16,16,16
sorted,628,628,16,16,16,16
sorted,629,629,16,16,16,16
sorted,630,630,16,16,16,16
sorted,631,631,16,16,16,16
sorted,632,632,16,16,16,16
sorted,633,633,16,16,16,16
sorted,634,634,16,16,16,16
sorted,635,635,16,16,16,16
sorted,636,636,16,16,16,16
sorted,637,637,16,16,16,16
sorted,638,638,16,16,16,16
sorted,639,639,16,16,16,16
sorted,640,640,16,16,16,16
sorted,641,641,16,16,16,16
sorted,642,642,16,16,16,16
sorted,643,643,16,16,16,16
sorted,644,644,16,16,16,16
sorted,645,645,16,16,16,16
sorted,646,646,16,16,16,16
sorted,647,647,16,16,16,16
sorted,648,648,16,16,16,16
sorted,649,649,16,16,16,16
sorted,650,650,16,16,16,16
sorted,651,651,16,16,16,16
sorted,652,652,16,16,16,16
sorted,653,653,16,16,16,16
sorted,654,654,16,16,16,16
sorted,655,655,16,16,16,16
sorted,656,656,16,16,16,16
sorted,657,657,16,16,16,16
sorted,658,658,16,16,16,16
sorted,659,659,16,16,16,16
sorted,660,660,16,16,16,16
sorted,661,661,16,16,16,16
sorted,662,662,16,16,16,16
sorted,663,663,16,16,16,16
sorted,664,664,16,16,16,16
sorted,665,665,16,16,16,16
sorted,666,666,16,16,16,16
sorted,667,667,16,16,16,16
sorted,668,668,16,16,16,16
sorted,669,669,16,16,16,16
sorted,670,670,16,16,16,16
sorted,671,671,16,16,16,16
sorted,672,672,16,16,16,16
sorted,673,673,16,16,16,16
sorted,674,674,16,16,16,16
sorted,675,675,16,16,16,16
sorted,676,676,16,16,16,16
sorted,677,677,16,16,16,16
sorted,678,678,16,16,16,16
sorted,679,679,16,16,16,16
sorted,680,680,16,16,16,16
sorted,681,681,16,16,16,16
sorted,682,682,16,16,16,16
sorted,683,683,16,16,16,16
sorted,684,684,16,16,16,16
sorted,685,685,16,16,16,16
sorted,686,686,16,16,16,16
sorted,687,687,16,16,16,16
sorted,688,688,16,16,16,16
sorted,689,689,16,16,16,16
sorted,690,690,16,16,16,16
sorted,691,691,16,16,16,16
sorted,692,692,16,16,16,16
sorted,693,693,16,16,16,16
sorted,694,694,16,16,16,16
sorted,695,695,16,16,16,16
sorted,696,696,16,16,16,16
sorted,697,697,16,16,16,16
sorted,698,698,16,16,16,16
sorted,699,699,16,16,16,16
sorted,700,700,16,16,16,16
sorted,701,701,16,16,16,16
sorted,702,702,16,16,16,16
sorted,703,703,16,16,16,16
sorted,704,704,16,16,16,16
sorted,705,705,16,16,16,16
sorted,706,706,16,16,16,16
sorted,707,707,16,16,16,16
sorted,708,708,16,16,16,16
sorted,709,709,16,16,16,16
sorted,710,710,16,16,16,16
sorted,711,711,16,16,16,16
sorted,712,712,16,16,16,16
sorted,713,713,16,16,16,16
sorted,714,714,16,16,16,16
sorted,715,715,16,16,16,16
sorted,716,716,16,16,16,16
sorted,717,717,16,16,16,16
sorted,718,718,16,16,16,16
sorted,719,719,16,16,16,16
sorted,720,720,16,16,16,16
sorted,721,721,16,16,16,16
sorted,722,722,16,16,16,16
sorted,723,723,16,16,16,16
sorted,724,724,16,16,16,16
sorted,725,725,16,16,16,16
sorted,726,726,16,16,16,16
sorted,727,727,16,16,16,16
sorted,728,728,16,16,16,16
sorted,729,729,16,16,16,16
sorted,730,730,16,16,16,16
sorted,731,731,16,16,16,16
sorted,732,732,16,16,16,16
sorted,733,733,16,16,16,16
sorted,734,734,16,16,16,16
sorted,735,735,16,16,16,16
sorted,736,736,16,16,16,16
sorted,737,737,16,16,16,16
sorted,738,738,16,16,16,16
sorted,739,739,16,16,16,16
sorted,740,740,16,16,16,16
sorted,741,741,16,16,16,16
sorted,742,742,16,16,16,16
sorted,743,743,16,16,16,16
sorted,744,744,16,16,16,16
sorted,745,745,16,16,16,16
sorted,746,746,16,16,16,16
sorted,747,747,16,16,16,16
sorted,748,748,16,16,16,16
sorted,749,749,16,16,16,16
sorted,750,750,16,16,16,16
sorted,751,751,16,16,16,16
sorted,752,752,16,16,16,16
sorted,753,753,16,16,16,16
sorted,754,754,16,16,16,16
sorted,755,755,16,16,16,16
sorted,756,756,16,16,16,16
sorted,757,757,16,16,16,16
sorted,758,758,16,16,16,16
sorted,759,759,16,16,16,16
sorted,760,760,16,16,16,16
sorted,761,761,16,16,16,16
sorted,762,762,16,16,16,16
sorted,763,763,16,16,16,16
sorted,764,764,16,16,16,16
sorted,765,765,16,16,16,16
sorted,766,766,16,17,17,17
sorted,767,767,17,17,17,17
sorted,768,768,17,17,17,17
sorted,769,769,17,17,17,17
sorted,770,770,17,17,17,17
sorted,771,771,17,17,17,17
sorted,772,772,17,17,17,17
sorted,773,773,17,17,17,17
sorted,774,774,17,17,17,17
sorted,775,775,17,17,17,17
sorted,776,776,17,17,17,17
sorted,777,777,17,17,17,17
sorted,778,778,17,17,17,17
sorted,779,779,17,17,17,17
sorted,780,780,17,17,17,17
sorted,781,781,17,17,17,17
sorted,782,782,17,17,17,17
sorted,783,783,17,17,17,17
sorted,784,784,17,17,17,17
sorted,785,785,17,17,17,17
sorted,786,786,17,17,17,17
sorted,787,787,17,17,17,17
sorted,788,788,17,17,17,17
sorted,789,789,17,17,17,17
sorted,790,790,17,17,17,17
sorted,791,791,17,17,17,17
sorted,792,792,17,17,17,17
sorted,793,793,17,17,17,17
sorted,794,794,17,17,17,17
sorted,795,795,17,17,17,17
sorted,796,796,17,17,17,17
sorted,797,797,17,17,17,17
sorted,798,798,17,17,17,17
sorted,799,799,17,17,17,17
sorted,800,800,17,17,17,17
sorted,801,801,17,17,17,17
sorted,802,802,17,17,17,17
sorted,803,803,17,17,17,17
sorted,804,804,17,17,17,17
sorted,805,805,17,17,17,17
sorted,806,806,17,17,17,17
sorted,807,807,17,17,17,17
sorted,808,808,17,17,17,17
sorted,809,809,17,17,17,17
sorted,810,810,17,17,17,17
sorted,811,811,17,17,17,17
sorted,812,812,17,17,17,17
sorted,813,813,17,17,17,17
sorted,814,814,17,17,17,17
sorted,815,815,17,17,17,17
sorted,816,816,17,17,17,17
sorted,817,817,17,17,17,17
sorted,818,818,17,17,17,17
sorted,819,819,17,17,17,17
sorted,820,820,17,17,17,17
sorted,821,821,17,17,17,17
sorted,822,822,17,17,17,17
sorted,823,823,17,17,17,17
sorted,824,824,17,17,17,17
sorted,825,825,17,17,17,17
sorted,826,826,17,17,17,17
sorted,827,827,17,17,17,17
sorted,828,828,17,17,17,17
sorted,829,829,17,17,17,17
sorted,830,830,17,17,17,17
sorted,831,831,17,17,17,17
sorted,832,832,17,17,17,17
sorted,833,833,17,17,17,17
sorted,834,834,17,17,17,17
sorted,835,835,17,17,17,17
sorted,836,836,17,17,17,17
sorted,837,837,17,17,17,17
sorted,838,838,17,17,17,17
sorted,839,839,17,17,17,17
sorted,840,840,17,17,17,17
sorted,841,841,17,17,17,17
sorted,842,842,17,17,17,17
sorted,843,843,17,17,17,17
sorted,844,844,17,17,17,17
sorted,845,845,17,17,17,17
sorted,846,846,17,17,17,17
sorted,847,847,17,17,17,17
sorted,848,848,17,17,17,17
sorted,849,849,17,17,17,17
sorted,850,850,17,17,17,17
sorted,851,851,17,17,17,17
sorted,852,852,17,17,17,17
sorted,853,853,17,17,17,17
sorted,854,854,17,17,17,17
sorted,855,855,17,17,17,17
sorted,856,856,17,17,17,17
sorted,857,857,17,17,17,17
sorted,858,858,17,17,17,17
sorted,859,859,17,17,17,17
sorted,860,860,17,17,17,17
sorted,861,861,17,17,17,17
sorted,862,862,17,17,17,17
sorted,863,863,17,17,17,17
sorted,864,864,17,17,17,17
sorted,865,865,17,17,17,17
sorted,866,866,17,17,17,17
sorted,867,867,17,17,17,17
sorted,868,868,17,17,17,17
sorted,869,869,17,17,17,17
sorted,870,870,17,17,17,17
sorted,871,871,17,17,17,17
sorted,872,872,17,17,17,17
sorted,873,873,17,17,17,17
sorted,874,874,17,17,17,17
sorted,875,875,17,17,17,17
sorted,876,876,17,17,17,17
sorted,877,877,17,17,17,17
sorted,878,878,17,17,17,17
sorted,879,879,17,17,17,17
sorted,880,880,17,17,17,17
sorted,881,881,17,17,17,17
sorted,882,882,17,17,17,17
sorted,883,883,17,17,17,17
sorted,884,884,17,17,17,17
sorted,885,885,17,17,17,17
sorted,886,886,17,17,17,17
sorted,887,887,17,17,17,17
sorted,888,888,17,17,17,17
sorted,889,889,17,17,17,17
sorted,890,890,17,17,17,17
sorted,891,891,17,17,17,17
sorted,892,892,17,17,17,17
sorted,893,893,17,17,17,17
sorted,894,894,17,17,17,17
sorted,895,895,17,17,17,17
sorted,896,896,17,17,17,17
sorted,897,897,17,17,17,17
sorted,898,898,17,17,17,17
sorted,899,899,17,17,17,17
sorted,900,900,17,17,17,17
sorted,901,901,17,17,17,17
sorted,902,902,17,17,17,17
sorted,903,903,17,17,17,17
sorted,904,904,17,17,17,17
sorted,905,905,17,17,17,17
sorted,906,906,17,17,17,17
sorted,907,907,17,17,17,17
sorted,908,908,17,17,17,17
sorted,909,909,17,17,17,17
sorted,910,910,17,17,17,17
sorted,911,911,17,17,17,17
sorted,912,912,17,17,17,17
sorted,913,913,17,17,17,17
sorted,914,914,17,17,17,17
sorted,915,915,17,17,17,17
sorted,916,916,17,17,17,17
sorted,917,917,17,17,17,17
sorted,918,918,17,17,17,17
sorted,919,919,17,17,17,17
sorted,920,920,17,17,17,17
sorted,921,921,17,17,17,17
sorted,922,922,17,17,17,17
sorted,923,923,17,17,17,17
sorted,924,924,17,17,17,17
sorted,925,925,17,17,17,17
sorted,926,926,17,17,17,17
sorted,927,927,17,17,17,17
sorted,928,928,17,17,17,17
sorted,929,929,17,17,17,17
sorted,930,930,17,17,17,17
sorted,931,931,17,17,17,17
sorted,932,932,17,17,17,17
sorted,933,933,17,17,17,17
sorted,934,934,17,17,17,17
sorted,935,935,17,17,17,17
sorted,936,936,17,17,17,17
sorted,937,937,17,17,17,17
sorted,938,938,17,17,17,17
sorted,939,939,17,17,17,17
sorted,940,940,17,17,17,17
sorted,941,941,17,17,17,17
sorted,942,942,17,17,17,17
sorted,943,943,17,17,17,17
sorted,944,944,17,17,17,17
sorted,945,945,17,17,17,17
sorted,946,946,17,17,17,17
sorted,947,947,17,17,17,17
sorted,948,948,17,17,17,17
sorted,949,949,17,17,17,17
sorted,950,950,17,17,17,17
sorted,951,951,17,17,17,17
sorted,952,952,17,17,17,17
sorted,953,953,17,17,17,17
sorted,954,954,17,17,17,17
sorted,955,955,17,17,17,17
sorted,956,956,17,17,17,17
sorted,957,957,17,17,17,17
sorted,958,958,17,17,17,17
sorted,959,959,17,17,17,17
sorted,960,960,17,17,17,17
sorted,961,961,17,17,17,17
sorted,962,962,17,17,17,17
sorted,963,963,17,17,17,17
sorted,964,964,17,17,17,17
sorted,965,965,17,17,17,17
sorted,966,966,17,17,17,17
sorted,967,967,17,17,17,17
sorted,968,968,17,17,17,17
sorted,969,969,17,17,17,17
sorted,970,970,17,17,17,17
sorted,971,971,17,17,17,17
sorted,972,972,17,17,17,17
sorted,973,973,17,17,17,17
sorted,974,974,17,17,17,17
sorted,975,975,17,17,17,17
sorted,976,976,17,17,17,17
sorted,977,977,17,17,17,17
sorted,978,978,17,17,17,17
sorted,979,979,17,17,17,17
sorted,980,980,17,17,17,17
sorted,981,981,17,17,17,17
sorted,982,982,17,17,17,17
sorted,983,983,17,17,17,17
sorted,984,984,17,17,17,17
sorted,985,985,17,17,17,17
sorted,986,986,17,17,17,17
sorted,987,987,17,17,17,17
sorted,988,988,17,17,17,17
sorted,989,989,17,17,17,17
sorted,990,990,17,17,17,17
sorted,991,991,17,17,17,17
sorted,992,992,17,17,17,17
sorted,993,993,17,17,17,17
sorted,994,994,17,17,17,17
sorted,995,995,17,17,17,17
sorted,996,996,17,17,17,17
sorted,997,997,17,17,17,17
sorted,998,998,17,17,17,17
sorted,999,999,17,17,17,17
sorted,1000,1000,17,17,17,17
reverse_sorted,1,1000,0,1,1,1
reverse_sorted,2,999,1,2,2,2
reverse_sorted,3,998,2,2,2,2
reverse_sorted,4,997,2,3,3,3
reverse_sorted,5,996,3,3,3,3
reverse_sorted,6,995,3,4,4,4
reverse_sorted,7,994,4,4,4,4
reverse_sorted,8,993,4,4,4,4
reverse_sorted,9,992,4,4,4,4
reverse_sorted,10,991,4,5,5,5
reverse_sorted,11,990,5,5,5,5
reverse_sorted,12,989,5,5,5,5
reverse_sorted,13,988,5,5,5,5
reverse_sorted,14,987,5,6,6,6
reverse_sorted,15,986,6,6,6,6
reverse_sorted,16,985,6,6,6,6
reverse_sorted,17,984,6,6,6,6
reverse_sorted,18,983,6,6,6,6
reverse_sorted,19,982,6,6,6,6
reverse_sorted,20,981,6,6,6,6
reverse_sorted,21,980,6,6,6,6
reverse_sorted,22,979,6,7,7,7
reverse_sorted,23,978,7,7,7,7
reverse_sorted,24,977,7,7,7,7
reverse_sorted,25,976,7,7,7,7
reverse_sorted,26,975,7,7,7,7
reverse_sorted,27,974,7,7,7,7
reverse_sorted,28,973,7,7,7,7
reverse_sorted,29,972,7,7,7,7
reverse_sorted,30,971,7,8,8,8
reverse_sorted,31,970,8,8,8,8
reverse_sorted,32,969,8,8,8,8
reverse_sorted,33,968,8,8,8,8
reverse_sorted,34,967,8,8,8,8
reverse_sorted,35,966,8,8,8,8
reverse_sorted,36,965,8,8,8,8
reverse_sorted,37,964,8,8,8,8
reverse_sorted,38,963,8,8,8,8
reverse_sorted,39,962,8,8,8,8
reverse_sorted,40,961,8,8,8,8
reverse_sorted,41,960,8,8,8,8
reverse_sorted,42,959,8,8,8,8
reverse_sorted,43,958,8,8,8,8
reverse_sorted,44,957,8,8,8,8
reverse_sorted,45,956,8,8,8,8
reverse_sorted,46,955,8,9,9,9
reverse_sorted,47,954,9,9,9,9
reverse_sorted,48,953,9,9,9,9
reverse_sorted,49,952,9,9,9,9
reverse_sorted,50,951,9,9,9,9
reverse_sorted,51,950,9,9,9,9
reverse_sorted,52,949,9,9,9,9
reverse_sorted,53,948,9,9,9,9
reverse_sorted,54,947,9,9,9,9
reverse_sorted,55,946,9,9,9,9
reverse_sorted,56,945,9,9,9,9
reverse_sorted,57,944,9,9,9,9
reverse_sorted,58,943,9,9,9,9
reverse_sorted,59,942,9,9,9,9
reverse_sorted,60,941,9,9,9,9
reverse_sorted,61,940,9,9,9,9
reverse_sorted,62,939,9,10,10,10
reverse_sorted,63,938,10,10,10,10
reverse_sorted,64,937,10,10,10,10
reverse_sorted,65,936,10,10,10,10
reverse_sorted,66,935,10,10,10,10
reverse_sorted,67,934,10,10,10,10
reverse_sorted,68,933,10,10,10,10
reverse_sorted,69,932,10,10,10,10
reverse_sorted,70,931,10,10,10,10
reverse_sorted,71,930,10,10,10,10
reverse_sorted,72,929,10,10,10,10
reverse_sorted,73,928,10,10,10,10
reverse_sorted,74,927,10,10,10,10
reverse_sorted,75,926,10,10,10,10
reverse_sorted,76,925,10,10,10,10
reverse_sorted,77,924,10,10,10,10
reverse_sorted,78,923,10,10,10,10
reverse_sorted,79,922,10,10,10,10
reverse_sorted,80,921,10,10,10,10
reverse_sorted,81,920,10,10,10,10
reverse_sorted,82,919,10,10,10,10
reverse_sorted,83,918,10,10,10,10
reverse_sorted,84,917,10,10,10,10
reverse_sorted,85,916,10,10,10,10
reverse_sorted,86,915,10,10,10,10
reverse_sorted,87,914,10,10,10,10
reverse_sorted,88,913,10,10,10,10
reverse_sorted,89,912,10,10,10,10
reverse_sorted,90,911,10,10,10,10
reverse_sorted,91,910,10,10,10,10
reverse_sorted,92,909,10,10,10,10
reverse_sorted,93,908,10,10,10,10
reverse_sorted,94,907,10,11,11,11
reverse_sorted,95,906,11,11,11,11
reverse_sorted,96,905,11,11,11,11
reverse_sorted,97,904,11,11,11,11
reverse_sorted,98,903,11,11,11,11
reverse_sorted,99,902,11,11,11,11
reverse_sorted,100,901,11,11,11,11
reverse_sorted,101,900,11,11,11,11
reverse_sorted,102,899,11,11,11,11
reverse_sorted,103,898,11,11,11,11
reverse_sorted,104,897,11,11,11,11
reverse_sorted,105,896,11,11,11,11
reverse_sorted,106,895,11,11,11,11
reverse_sorted,107,894,11,11,11,11
reverse_sorted,108,893,11,11,11,11
reverse_sorted,109,892,11,11,11,11
reverse_sorted,110,891,11,11,11,11
reverse_sorted,111,890,11,11,11,11
reverse_sorted,112,889,11,11,11,11
reverse_sorted,113,888,11,11,11,11
reverse_sorted,114,887,11,11,11,11
reverse_sorted,115,886,11,11,11,11
reverse_sorted,116,885,11,11,11,11
reverse_sorted,117,884,11,11,11,11
reverse_sorted,118,883,11,11,11,11
reverse_sorted,119,882,11,11,11,11
reverse_sorted,120,881,11,11,11,11
reverse_sorted,121,880,11,11,11,11
reverse_sorted,122,879,11,11,11,11
reverse_sorted,123,878,11,11,11,11
reverse_sorted,124,877,11,11,11,11
reverse_sorted,125,876,11,11,11,11
reverse_sorted,126,875,11,12,12,12
reverse_sorted,127,874,12,12,12,12
reverse_sorted,128,873,12,12,12,12
reverse_sorted,129,872,12,12,12,12
reverse_sorted,130,871,12,12,12,12
reverse_sorted,131,870,12,12,12,12
reverse_sorted,132,869,12,12,12,12
reverse_sorted,133,868,12,12,12,12
reverse_sorted,134,867,12,12,12,12
reverse_sorted,135,866,12,12,12,12
reverse_sorted,136,865,12,12,12,12
reverse_sorted,137,864,12,12,12,12
reverse_sorted,138,863,12,12,12,12
reverse_sorted,139,862,12,12,12,12
reverse_sorted,140,861,12,12,12,12
reverse_sorted,141,860,12,12,12,12
reverse_sorted,142,859,12,12,12,12
reverse_sorted,143,858,12,12,12,12
reverse_sorted,144,857,12,12,12,12
reverse_sorted,145,856,12,12,12,12
reverse_sorted,146,855,12,12,12,12
reverse_sorted,147,854,12,12,12,12
reverse_sorted,148,853,12,12,12,12
reverse_sorted,149,852,12,12,12,12
reverse_sorted,150,851,12,12,12,12
reverse_sorted,151,850,12,12,12,12
reverse_sorted,152,849,12,12,12,12
reverse_sorted,153,848,12,12,12,12
reverse_sorted,154,847,12,12,12,12
reverse_sorted,155,846,12,12,12,12
reverse_sorted,156,845,12,12,12,12
reverse_sorted,157,844,12,12,12,12
reverse_sorted,158,843,12,12,12,12
reverse_sorted,159,842,12,12,12,12
reverse_sorted,160,841,12,12,12,12
reverse_sorted,161,840,12,12,12,12
reverse_sorted,162,839,12,12,12,12
reverse_sorted,163,838,12,12,12,12
reverse_sorted,164,837,12,12,12,12
reverse_sorted,165,836,12,12,12,12
reverse_sorted,166,835,12,12,12,12
reverse_sorted,167,834,12,12,12,12
reverse_sorted,168,833,12,12,12,12
reverse_sorted,169,832,12,12,12,12
reverse_sorted,170,831,12,12,12,12
reverse_sorted,171,830,12,12,12,12
reverse_sorted,172,829,12,12,12,12
reverse_sorted,173,828,12,12,12,12
reverse_sorted,174,827,12,12,12,12
reverse_sorted,175,826,12,12,12,12
reverse_sorted,176,825,12,12,12,12
reverse_sorted,177,824,12,12,12,12
reverse_sorted,178,823,12,12,12,12
reverse_sorted,179,822,12,12,12,12
reverse_sorted,180,821,12,12,12,12
reverse_sorted,181,820,12,12,12,12
reverse_sorted,182,819,12,12,12,12
reverse_sorted,183,818,12,12,12,12
reverse_sorted,184,817,12,12,12,12
reverse_sorted,185,816,12,12,12,12
reverse_sorted,186,815,12,12,12,12
reverse_sorted,187,814,12,12,12,12
reverse_sorted,188,813,12,12,12,12
reverse_sorted,189,812,12,12,12,12
reverse_sorted,190,811,12,13,13,13
reverse_sorted,191,810,13,13,13,13
reverse_sorted,192,809,13,13,13,13
reverse_sorted,193,808,13,13,13,13
reverse_sorted,194,807,13,13,13,13
reverse_sorted,195,806,13,13,13,13
reverse_sorted,196,805,13,13,13,13
reverse_sorted,197,804,13,13,13,13
reverse_sorted,198,803,13,13,13,13
reverse_sorted,199,802,13,13,13,13
reverse_sorted,200,801,13,13,13,13
reverse_sorted,201,800,13,13,13,13
reverse_sorted,202,799,13,13,13,13
reverse_sorted,203,798,13,13,13,13
reverse_sorted,204,797,13,13,13,13
reverse_sorted,205,796,13,13,13,13
reverse_sorted,206,795,13,13,13,13
reverse_sorted,207,794,13,13,13,13
reverse_sorted,208,793,13,13,13,13
reverse_sorted,209,792,13,13,13,13
reverse_sorted,210,791,13,13,13,13
reverse_sorted,211,790,13,13,13,13
reverse_sorted,212,789,13,13,13,13
reverse_sorted,213,788,13,13,13,13
reverse_sorted,214,787,13,13,13,13
reverse_sorted,215,786,13,13,13,13
reverse_sorted,216,785,13,13,13,13
reverse_sorted,217,784,13,13,13,13
reverse_sorted,218,783,13,13,13,13
reverse_sorted,219,782,13,13,13,13
reverse_sorted,220,781,13,13,13,13
reverse_sorted,221,780,13,13,13,13
reverse_sorted,222,779,13,13,13,13
reverse_sorted,223,778,13,13,13,13
reverse_sorted,224,777,13,13,13,13
reverse_sorted,225,776,13,13,13,13
reverse_sorted,226,775,13,13,13,13
reverse_sorted,227,774,13,13,13,13
reverse_sorted,228,773,13,13,13,13
reverse_sorted,229,772,13,13,13,13
reverse_sorted,230,771,13,13,13,13
reverse_sorted,231,770,13,13,13,13
reverse_sorted,232,769,13,13,13,13
reverse_sorted,233,768,13,13,13,13
reverse_sorted,234,767,13,13,13,13
reverse_sorted,235,766,13,13,13,13
reverse_sorted,236,765,13,13,13,13
reverse_sorted,237,764,13,13,13,13
reverse_sorted,238,763,13,13,13,13
reverse_sorted,239,762,13,13,13,13
reverse_sorted,240,761,13,13,13,13
reverse_sorted,241,760,13,13,13,13
reverse_sorted,242,759,13,13,13,13
reverse_sorted,243,758,13,13,13,13
reverse_sorted,244,757,13,13,13,13
reverse_sorted,245,756,13,13,13,13
reverse_sorted,246,755,13,13,13,13
reverse_sorted,247,754,13,13,13,13
reverse_sorted,248,753,13,13,13,13
reverse_sorted,249,752,13,13,13,13
reverse_sorted,250,751,13,13,13,13
reverse_sorted,251,750,13,13,13,13
reverse_sorted,252,749,13,13,13,13
reverse_sorted,253,748,13,13,13,13
reverse_sorted,254,747,13,14,14,14
reverse_sorted,255,746,14,14,14,14
reverse_sorted,256,745,14,14,14,14
reverse_sorted,257,744,14,14,14,14
reverse_sorted,258,743,14,14,14,14
reverse_sorted,259,742,14,14,14,14
reverse_sorted,260,741,14,14,14,14
reverse_sorted,261,740,14,14,14,14
reverse_sorted,262,739,14,14,14,14
reverse_sorted,263,738,14,14,14,14
reverse_sorted,264,737,14,14,14,14
reverse_sorted,265,736,14,14,14,14
reverse_sorted,266,735,14,14,14,14
reverse_sorted,267,734,14,14,14,14
reverse_sorted,268,733,14,14,14,14
reverse_sorted,269,732,14,14,14,14
reverse_sorted,270,731,14,14,14,14
reverse_sorted,271,730,14,14,14,14
reverse_sorted,272,729,14,14,14,14
reverse_sorted,273,728,14,14,14,14
reverse_sorted,274,727,14,14,14,14
reverse_sorted,275,726,14,14,14,14
reverse_sorted,276,725,14,14,14,14
reverse_sorted,277,724,14,14,14,14
reverse_sorted,278,723,14,14,14,14
reverse_sorted,279,722,14,14,14,14
reverse_sorted,280,721,14,14,14,14
reverse_sorted,281,720,14,14,14,14
reverse_sorted,282,719,14,14,14,14
reverse_sorted,283,718,14,14,14,14
reverse_sorted,284,717,14,14,14,14
reverse_sorted,285,716,14,14,14,14
reverse_sorted,286,715,14,14,14,14
reverse_sorted,287,714,14,14,14,14
reverse_sorted,288,713,14,14,14,14
reverse_sorted,289,712,14,14,14,14
reverse_sorted,290,711,14,14,14,14
reverse_sorted,291,710,14,14,14,14
reverse_sorted,292,709,14,14,14,14
reverse_sorted,293,708,14,14,14,14
reverse_sorted,294,707,14,14,14,14
reverse_sorted,295,706,14,14,14,14
reverse_sorted,296,705,14,14,14,14
reverse_sorted,297,704,14,14,14,14
reverse_sorted,298,703,14,14,14,14
reverse_sorted,299,702,14,14,14,14
reverse_sorted,300,701,14,14,14,14
reverse_sorted,301,700,14,14,14,14
reverse_sorted,302,699,14,14,14,14
reverse_sorted,303,698,14,14,14,14
reverse_sorted,304,697,14,14,14,14
reverse_sorted,305,696,14,14,14,14
reverse_sorted,306,695,14,14,14,14
reverse_sorted,307,694,14,14,14,14
reverse_sorted,308,693,14,14,14,14
reverse_sorted,309,692,14,14,14,14
reverse_sorted,310,691,14,14,14,14
reverse_sorted,311,690,14,14,14,14
reverse_sorted,312,689,14,14,14,14
reverse_sorted,313,688,14,14,14,14
reverse_sorted,314,687,14,14,14,14
reverse_sorted,315,686,14,14,14,14
reverse_sorted,316,685,14,14,14,14
reverse_sorted,317,684,14,14,14,14
reverse_sorted,318,683,14,14,14,14
reverse_sorted,319,682,14,14,14,14
reverse_sorted,320,681,14,14,14,14
reverse_sorted,321,680,14,14,14,14
reverse_sorted,322,679,14,14,14,14
reverse_sorted,323,678,14,14,14,14
reverse_sorted,324,677,14,14,14,14
reverse_sorted,325,676,14,14,14,14
reverse_sorted,326,675,14,14,14,14
reverse_sorted,327,674,14,14,14,14
reverse_sorted,328,673,14,14,14,14
reverse_sorted,329,672,14,14,14,14
reverse_sorted,330,671,14,14,14,14
reverse_sorted,331,670,14,14,14,14
reverse_sorted,332,669,14,14,14,14
reverse_sorted,333,668,14,14,14,14
reverse_sorted,334,667,14,14,14,14
reverse_sorted,335,666,14,14,14,14
reverse_sorted,336,665,14,14,14,14
reverse_sorted,337,664,14,14,14,14
reverse_sorted,338,663,14,14,14,14
reverse_sorted,339,662,14,14,14,14
reverse_sorted,340,661,14,14,14,14
reverse_sorted,341,660,14,14,14,14
reverse_sorted,342,659,14,14,14,14
reverse_sorted,343,658,14,14,14,14
reverse_sorted,344,657,14,14,14,14
reverse_sorted,345,656,14,14,14,14
reverse_sorted,346,655,14,14,14,14
reverse_sorted,347,654,14,14,14,14
reverse_sorted,348,653,14,14,14,14
reverse_sorted,349,652,14,14,14,14
reverse_sorted,350,651,14,14,14,14
reverse_sorted,351,650,14,14,14,14
reverse_sorted,352,649,14,14,14,14
reverse_sorted,353,648,14,14,14,14
reverse_sorted,354,647,14,14,14,14
reverse_sorted,355,646,14,14,14,14
reverse_sorted,356,645,14,14,14,14
reverse_sorted,357,644,14,14,14,14
reverse_sorted,358,643,14,14,14,14
reverse_sorted,359,642,14,14,14,14
reverse_sorted,360,641,14,14,14,14
reverse_sorted,361,640,14,14,14,14
reverse_sorted,362,639,14,14,14,14
reverse_sorted,363,638,14,14,14,14
reverse_sorted,364,637,14,14,14,14
reverse_sorted,365,636,14,14,14,14
reverse_sorted,366,635,14,14,14,14
reverse_sorted,367,634,14,14,14,14
reverse_sorted,368,633,14,14,14,14
reverse_sorted,369,632,14,14,14,14
reverse_sorted,370,631,14,14,14,14
reverse_sorted,371,630,14,14,14,14
reverse_sorted,372,629,14,14,14,14
reverse_sorted,373,628,14,14,14,14
reverse_sorted,374,627,14,14,14,14
reverse_sorted,375,626,14,14,14,14
reverse_sorted,376,625,14,14,14,14
reverse_sorted,377,624,14,14,14,14
reverse_sorted,378,623,14,14,14,14
reverse_sorted,379,622,14,14,14,14
reverse_sorted,380,621,14,14,14,14
reverse_sorted,381,620,14,14,14,14
reverse_sorted,382,619,14,15,15,15
reverse_sorted,383,618,15,15,15,15
reverse_sorted,384,617,15,15,15,15
reverse_sorted,385,616,15,15,15,15
reverse_sorted,386,615,15,15,15,15
reverse_sorted,387,614,15,15,15,15
reverse_sorted,388,613,15,15,15,15
reverse_sorted,389,612,15,15,15,15
reverse_sorted,390,611,15,15,15,15
reverse_sorted,391,610,15,15,15,15
reverse_sorted,392,609,15,15,15,15
reverse_sorted,393,608,15,15,15,15
reverse_sorted,394,607,15,15,15,15
reverse_sorted,395,606,15,15,15,15
reverse_sorted,396,605,15,15,15,15
reverse_sorted,397,604,15,15,15,15
reverse_sorted,398,603,15,15,15,15
reverse_sorted,399,602,15,15,15,15
reverse_sorted,400,601,15,15,15,15
reverse_sorted,401,600,15,15,15,15
reverse_sorted,402,599,15,15,15,15
reverse_sorted,403,598,15,15,15,15
reverse_sorted,404,597,15,15,15,15
reverse_sorted,405,596,15,15,15,15
reverse_sorted,406,595,15,15,15,15
reverse_sorted,407,594,15,15,15,15
reverse_sorted,408,593,15,15,15,15
reverse_sorted,409,592,15,15,15,15
reverse_sorted,410,591,15,15,15,15
reverse_sorted,411,590,15,15,15,15
reverse_sorted,412,589,15,15,15,15
reverse_sorted,413,588,15,15,15,15
reverse_sorted,414,587,15,15,15,15
reverse_sorted,415,586,15,15,15,15
reverse_sorted,416,585,15,15,15,15
reverse_sorted,417,584,15,15,15,15
reverse_sorted,418,583,15,15,15,15
reverse_sorted,419,582,15,15,15,15
reverse_sorted,420,581,15,15,15,15
reverse_sorted,421,580,15,15,15,15
reverse_sorted,422,579,15,15,15,15
reverse_sorted,423,578,15,15,15,15
reverse_sorted,424,577,15,15,15,15
reverse_sorted,425,576,15,15,15,15
reverse_sorted,426,575,15,15,15,15
reverse_sorted,427,574,15,15,15,15
reverse_sorted,428,573,15,15,15,15
reverse_sorted,429,572,15,15,15,15
reverse_sorted,430,571,15,15,15,15
reverse_sorted,431,570,15,15,15,15
reverse_sorted,432,569,15,15,15,15
reverse_sorted,433,568,15,15,15,15
reverse_sorted,434,567,15,15,15,15
reverse_sorted,435,566,15,15,15,15
reverse_sorted,436,565,15,15,15,15
reverse_sorted,437,564,15,15,15,15
reverse_sorted,438,563,15,15,15,15
reverse_sorted,439,562,15,15,15,15
reverse_sorted,440,561,15,15,15,15
reverse_sorted,441,560,15,15,15,15
reverse_sorted,442,559,15,15,15,15
reverse_sorted,443,558,15,15,15,15
reverse_sorted,444,557,15,15,15,15
reverse_sorted,445,556,15,15,15,15
reverse_sorted,446,555,15,15,15,15
reverse_sorted,447,554,15,15,15,15
reverse_sorted,448,553,15,15,15,15
reverse_sorted,449,552,15,15,15,15
reverse_sorted,450,551,15,15,15,15
reverse_sorted,451,550,15,15,15,15
reverse_sorted,452,549,15,15,15,15
reverse_sorted,453,548,15,15,15,15
reverse_sorted,454,547,15,15,15,15
reverse_sorted,455,546,15,15,15,15
reverse_sorted,456,545,15,15,15,15
reverse_sorted,457,544,15,15,15,15
reverse_sorted,458,543,15,15,15,15
reverse_sorted,459,542,15,15,15,15
reverse_sorted,460,541,15,15,15,15
reverse_sorted,461,540,15,15,15,15
reverse_sorted,462,539,15,15,15,15
reverse_sorted,463,538,15,15,15,15
reverse_sorted,464,537,15,15,15,15
reverse_sorted,465,536,15,15,15,15
reverse_sorted,466,535,15,15,15,15
reverse_sorted,467,534,15,15,15,15
reverse_sorted,468,533,15,15,15,15
reverse_sorted,469,532,15,15,15,15
reverse_sorted,470,531,15,15,15,15
reverse_sorted,471,530,15,15,15,15
reverse_sorted,472,529,15,15,15,15
reverse_sorted,473,528,15,15,15,15
reverse_sorted,474,527,15,15,15,15
reverse_sorted,475,526,15,15,15,15
reverse_sorted,476,525,15,15,15,15
reverse_sorted,477,524,15,15,15,15
reverse_sorted,478,523,15,15,15,15
reverse_sorted,479,522,15,15,15,15
reverse_sorted,480,521,15,15,15,15
reverse_sorted,481,520,15,15,15,15
reverse_sorted,482,519,15,15,15,15
reverse_sorted,483,518,15,15,15,15
reverse_sorted,484,517,15,15,15,15
reverse_sorted,485,516,15,15,15,15
reverse_sorted,486,515,15,15,15,15
reverse_sorted,487,514,15,15,15,15
reverse_sorted,488,513,15,15,15,15
reverse_sorted,489,512,15,15,15,15
reverse_sorted,490,511,15,15,15,15
reverse_sorted,491,510,15,15,15,15
reverse_sorted,492,509,15,15,15,15
reverse_sorted,493,508,15,15,15,15
reverse_sorted,494,507,15,15,15,15
reverse_sorted,495,506,15,15,15,15
reverse_sorted,496,505,15,15,15,15
reverse_sorted,497,504,15,15,15,15
reverse_sorted,498,503,15,15,15,15
reverse_sorted,499,502,15,15,15,15
reverse_sorted,500,501,15,15,15,15
reverse_sorted,501,500,15,15,15,15
reverse_sorted,502,499,15,15,15,15
reverse_sorted,503,498,15,15,15,15
reverse_sorted,504,497,15,15,15,15
reverse_sorted,505,496,15,15,15,15
reverse_sorted,506,495,15,15,15,15
reverse_sorted,507,494,15,15,15,15
reverse_sorted,508,493,15,15,15,15
reverse_sorted,509,492,15,15,15,15
reverse_sorted,510,491,15,16,16,16
reverse_sorted,511,490,16,16,16,16
reverse_sorted,512,489,16,16,16,16
reverse_sorted,513,488,16,16,16,16
reverse_sorted,514,487,16,16,16,16
reverse_sorted,515,486,16,16,16,16
reverse_sorted,516,485,16,16,16,16
reverse_sorted,517,484,16,16,16,16
reverse_sorted,518,483,16,16,16,16
reverse_sorted,519,482,16,16,16,16
reverse_sorted,520,481,16,16,16,16
reverse_sorted,521,480,16,16,16,16
reverse_sorted,522,479,16,16,16,16
reverse_sorted,523,478,16,16,16,16
reverse_sorted,524,477,16,16,16,16
reverse_sorted,525,476,16,16,16,16
reverse_sorted,526,475,16,16,16,16
reverse_sorted,527,474,16,16,16,16
reverse_sorted,528,473,16,16,16,16
reverse_sorted,529,472,16,16,16,16
reverse_sorted,530,471,16,16,16,16
reverse_sorted,531,470,16,16,16,16
reverse_sorted,532,469,16,16,16,16
reverse_sorted,533,468,16,16,16,16
reverse_sorted,534,467,16,16,16,16
reverse_sorted,535,466,16,16,16,16
reverse_sorted,536,465,16,16,16,16
reverse_sorted,537,464,16,16,16,16
reverse_sorted,538,463,16,16,16,16
reverse_sorted,539,462,16,16,16,16
reverse_sorted,540,461,16,16,16,16
reverse_sorted,541,460,16,16,16,16
reverse_sorted,542,459,16,16,16,16
reverse_sorted,543,458,16,16,16,16
reverse_sorted,544,457,16,16,16,16
reverse_sorted,545,456,16,16,16,16
reverse_sorted,546,455,16,16,16,16
reverse_sorted,547,454,16,16,16,16
reverse_sorted,548,453,16,16,16,16
reverse_sorted,549,452,16,16,16,16
reverse_sorted,550,451,16,16,16,16
reverse_sorted,551,450,16,16,16,16
reverse_sorted,552,449,16,16,16,16
reverse_sorted,553,448,16,16,16,16
reverse_sorted,554,447,16,16,16,16
reverse_sorted,555,446,16,16,16,16
reverse_sorted,556,445,16,16,16,16
reverse_sorted,557,444,16,16,16,16
reverse_sorted,558,443,16,16,16,16
reverse_sorted,559,442,16,16,16,16
reverse_sorted,560,441,16,16,16,16
reverse_sorted,561,440,16,16,16,16
reverse_sorted,562,439,16,16,16,16
reverse_sorted,563,438,16,16,16,16
reverse_sorted,564,437,16,16,16,16
reverse_sorted,565,436,16,16,16,16
reverse_sorted,566,435,16,16,16,16
reverse_sorted,567,434,16,16,16,16
reverse_sorted,568,433,16,16,16,16
reverse_sorted,569,432,16,16,16,16
reverse_sorted,570,431,16,16,16,16
reverse_sorted,571,430,16,16,16,16
reverse_sorted,572,429,16,16,16,16
reverse_sorted,573,428,16,16,16,16
reverse_sorted,574,427,16,16,16,16
reverse_sorted,575,426,16,16,16,16
reverse_sorted,576,425,16,16,16,16
reverse_sorted,577,424,16,16,16,16
reverse_sorted,578,423,16,16,16,16
reverse_sorted,579,422,16,16,16,16
reverse_sorted,580,421,16,16,16,16
reverse_sorted,581,420,16,16,16,16
reverse_sorted,582,419,16,16,16,16
reverse_sorted,583,418,16,16,16,16
reverse_sorted,584,417,16,16,16,16
reverse_sorted,585,416,16,16,16,16
reverse_sorted,586,415,16,16,16,16
reverse_sorted,587,414,16,16,16,16
reverse_sorted,588,413,16,16,16,16
reverse_sorted,589,412,16,16,16,16
reverse_sorted,590,411,16,16,16,16
reverse_sorted,591,410,16,16,16,16
reverse_sorted,592,409,16,16,16,16
reverse_sorted,593,408,16,16,16,16
reverse_sorted,594,407,16,16,16,16
reverse_sorted,595,406,16,16,16,16
reverse_sorted,596,405,16,16,16,16
reverse_sorted,597,404,16,16,16,16
reverse_sorted,598,403,16,16,16,16
reverse_sorted,599,402,16,16,16,16
reverse_sorted,600,401,16,16,16,16
reverse_sorted,601,400,16,16,16,16
reverse_sorted,602,399,16,16,16,16
reverse_sorted,603,398,16,16,16,16
reverse_sorted,604,397,16,16,16,16
reverse_sorted,605,396,16,16,16,16
reverse_sorted,606,395,16,16,16,16
reverse_sorted,607,394,16,16,16,16
reverse_sorted,608,393,16,16,16,16
reverse_sorted,609,392,16,16,16,16
reverse_sorted,610,391,16,16,16,16
reverse_sorted,611,390,16,16,16,16
reverse_sorted,612,389,16,16,16,16
reverse_sorted,613,388,16,16,16,16
reverse_sorted,614,387,16,16,16,16
reverse_sorted,615,386,16,16,16,16
reverse_sorted,616,385,16,16,16,16
reverse_sorted,617,384,16,16,16,16
reverse_sorted,618,383,16,16,16,16
reverse_sorted,619,382,16,16,16,16
reverse_sorted,620,381,16,16,16,16
reverse_sorted,621,380,16,16,16,16
reverse_sorted,622,379,16,16,16,16
reverse_sorted,623,378,16,16,16,16
reverse_sorted,624,377,16,16,16,16
reverse_sorted,625,376,16,16,16,16
reverse_sorted,626,375,16,16,16,16
reverse_sorted,627,374,16,16,16,16
reverse_sorted,628,373,16,16,16,16
reverse_sorted,629,372,16,16,16,16
reverse_sorted,630,371,16,16,16,16
reverse_sorted,631,370,16,16,16,16
reverse_sorted,632,369,16,16,16,16
reverse_sorted,633,368,16,16,16,16
reverse_sorted,634,367,16,16,16,16
reverse_sorted,635,366,16,16,16,16
reverse_sorted,636,365,16,16,16,16
reverse_sorted,637,364,16,16,16,16
reverse_sorted,638,363,16,16,16,16
reverse_sorted,639,362,16,16,16,16
reverse_sorted,640,361,16,16,16,16
reverse_sorted,641,360,16,16,16,16
reverse_sorted,642,359,16,16,16,16
reverse_sorted,643,358,16,16,16,16
reverse_sorted,644,357,16,16,16,16
reverse_sorted,645,356,16,16,16,16
reverse_sorted,646,355,16,16,16,16
reverse_sorted,647,354,16,16,16,16
reverse_sorted,648,353,16,16,16,16
reverse_sorted,649,352,16,16,16,16
reverse_sorted,650,351,16,16,16,16
reverse_sorted,651,350,16,16,16,16
reverse_sorted,652,349,16,16,16,16
reverse_sorted,653,348,16,16,16,16
reverse_sorted,654,347,16,16,16,16
reverse_sorted,655,346,16,16,16,16
reverse_sorted,656,345,16,16,16,16
reverse_sorted,657,344,16,16,16,16
reverse_sorted,658,343,16,16,16,16
reverse_sorted,659,342,16,16,16,16
reverse_sorted,660,341,16,16,16,16
reverse_sorted,661,340,16,16,16,16
reverse_sorted,662,339,16,16,16,16
reverse_sorted,663,338,16,16,16,16
reverse_sorted,664,337,16,16,16,16
reverse_sorted,665,336,16,16,16,16
reverse_sorted,666,335,16,16,16,16
reverse_sorted,667,334,16,16,16,16
reverse_sorted,668,333,16,16,16,16
reverse_sorted,669,332,16,16,16,16
reverse_sorted,670,331,16,16,16,16
reverse_sorted,671,330,16,16,16,16
reverse_sorted,672,329,16,16,16,16
reverse_sorted,673,328,16,16,16,16
reverse_sorted,674,327,16,16,16,16
reverse_sorted,675,326,16,16,16,16
reverse_sorted,676,325,16,16,16,16
reverse_sorted,677,324,16,16,16,16
reverse_sorted,678,323,16,16,16,16
reverse_sorted,679,322,16,16,16,16
reverse_sorted,680,321,16,16,16,16
reverse_sorted,681,320,16,16,16,16
reverse_sorted,682,319,16,16,16,16
reverse_sorted,683,318,16,16,16,16
reverse_sorted,684,317,16,16,16,16
reverse_sorted,685,316,16,16,16,16
reverse_sorted,686,315,16,16,16,16
reverse_sorted,687,314,16,16,16,16
reverse_sorted,688,313,16,16,16,16
reverse_sorted,689,312,16,16,16,16
reverse_sorted,690,311,16,16,16,16
reverse_sorted,691,310,16,16,16,16
reverse_sorted,692,309,16,16,16,16
reverse_sorted,693,308,16,16,16,16
reverse_sorted,694,307,16,16,16,16
reverse_sorted,695,306,16,16,16,16
reverse_sorted,696,305,16,16,16,16
reverse_sorted,697,304,16,16,16,16
reverse_sorted,698,303,16,16,16,16
reverse_sorted,699,302,16,16,16,16
reverse_sorted,700,301,16,16,16,16
reverse_sorted,701,300,16,16,16,16
reverse_sorted,702,299,16,16,16,16
reverse_sorted,703,298,16,16,16,16
reverse_sorted,704,297,16,16,16,16
reverse_sorted,705,296,16,16,16,16
reverse_sorted,706,295,16,16,16,16
reverse_sorted,707,294,16,16,16,16
reverse_sorted,708,293,16,16,16,16
reverse_sorted,709,292,16,16,16,16
reverse_sorted,710,291,16,16,16,16
reverse_sorted,711,290,16,16,16,16
reverse_sorted,712,289,16,16,16,16
reverse_sorted,713,288,16,16,16,16
reverse_sorted,714,287,16,16,16,16
reverse_sorted,715,286,16,16,16,16
reverse_sorted,716,285,16,16,16,16
reverse_sorted,717,284,16,16,16,16
reverse_sorted,718,283,16,16,16,16
reverse_sorted,719,282,16,16,16,16
reverse_sorted,720,281,16,16,16,16
reverse_sorted,721,280,16,16,16,16
reverse_sorted,722,279,16,16,16,16
reverse_sorted,723,278,16,16,16,16
reverse_sorted,724,277,16,16,16,16
reverse_sorted,725,276,16,16,16,16
reverse_sorted,726,275,16,16,16,16
reverse_sorted,727,274,16,16,16,16
reverse_sorted,728,273,16,16,16,16
reverse_sorted,729,272,16,16,16,16
reverse_sorted,730,271,16,16,16,16
reverse_sorted,731,270,16,16,16,16
reverse_sorted,732,269,16,16,16,16
reverse_sorted,733,268,16,16,16,16
reverse_sorted,734,267,16,16,16,16
reverse_sorted,735,266,16,16,16,16
reverse_sorted,736,265,16,16,16,16
reverse_sorted,737,264,16,16,16,16
reverse_sorted,738,263,16,16,16,16
reverse_sorted,739,262,16,16,16,16
reverse_sorted,740,261,16,16,16,16
reverse_sorted,741,260,16,16,16,16
reverse_sorted,742,259,16,16,16,16
reverse_sorted,743,258,16,16,16,16
reverse_sorted,744,257,16,16,16,16
reverse_sorted,745,256,16,16,16,16
reverse_sorted,746,255,16,16,16,16
reverse_sorted,747,254,16,16,16,16
reverse_sorted,748,253,16,16,16,16
reverse_sorted,749,252,16,16,16,16
reverse_sorted,750,251,16,16,16,16
reverse_sorted,751,250,16,16,16,16
reverse_sorted,752,249,16,16,16,16
reverse_sorted,753,248,16,16,16,16
reverse_sorted,754,247,16,16,16,16
reverse_sorted,755,246,16,16,16,16
reverse_sorted,756,245,16,16,16,16
reverse_sorted,757,244,16,16,16,16
reverse_sorted,758,243,16,16,16,16
reverse_sorted,759,242,16,16,16,16
reverse_sorted,760,241,16,16,16,16
reverse_sorted,761,240,16,16,16,16
reverse_sorted,762,239,16,16,16,16
reverse_sorted,763,238,16,16,16,16
reverse_sorted,764,237,16,16,16,16
reverse_sorted,765,236,16,16,16,16
reverse_sorted,766,235,16,17,17,17
reverse_sorted,767,234,17,17,17,17
reverse_sorted,768,233,17,17,17,17
reverse_sorted,769,232,17,17,17,17
reverse_sorted,770,231,17,17,17,17
reverse_sorted,771,230,17,17,17,17
reverse_sorted,772,229,17,17,17,17
reverse_sorted,773,228,17,17,17,17
reverse_sorted,774,227,17,17,17,17
reverse_sorted,775,226,17,17,17,17
reverse_sorted,776,225,17,17,17,17
reverse_sorted,777,224,17,17,17,17
reverse_sorted,778,223,17,17,17,17
reverse_sorted,779,222,17,17,17,17
reverse_sorted,780,221,17,17,17,17
reverse_sorted,781,220,17,17,17,17
reverse_sorted,782,219,17,17,17,17
reverse_sorted,783,218,17,17,17,17
reverse_sorted,784,217,17,17,17,17
reverse_sorted,785,216,17,17,17,17
reverse_sorted,786,215,17,17,17,17
reverse_sorted,787,214,17,17,17,17
reverse_sorted,788,213,17,17,17,17
reverse_sorted,789,212,17,17,17,17
reverse_sorted,790,211,17,17,17,17
reverse_sorted,791,210,17,17,17,17
reverse_sorted,792,209,17,17,17,17
reverse_sorted,793,208,17,17,17,17
reverse_sorted,794,207,17,17,17,17
reverse_sorted,795,206,17,17,17,17
reverse_sorted,796,205,17,17,17,17
reverse_sorted,797,204,17,17,17,17
reverse_sorted,798,203,17,17,17,17
reverse_sorted,799,202,17,17,17,17
reverse_sorted,800,201,17,17,17,17
reverse_sorted,801,200,17,17,17,17
reverse_sorted,802,199,17,17,17,17
reverse_sorted,803,198,17,17,17,17
reverse_sorted,804,197,17,17,17,17
reverse_sorted,805,196,17,17,17,17
reverse_sorted,806,195,17,17,17,17
reverse_sorted,807,194,17,17,17,17
reverse_sorted,808,193,17,17,17,17
reverse_sorted,809,192,17,17,17,17
reverse_sorted,810,191,17,17,17,17
reverse_sorted,811,190,17,17,17,17
reverse_sorted,812,189,17,17,17,17
reverse_sorted,813,188,17,17,17,17
reverse_sorted,814,187,17,17,17,17
reverse_sorted,815,186,17,17,17,17
reverse_sorted,816,185,17,17,17,17
reverse_sorted,817,184,17,17,17,17
reverse_sorted,818,183,17,17,17,17
reverse_sorted,819,182,17,17,17,17
reverse_sorted,820,181,17,17,17,17
reverse_sorted,821,180,17,17,17,17
reverse_sorted,822,179,17,17,17,17
reverse_sorted,823,178,17,17,17,17
reverse_sorted,824,177,17,17,17,17
reverse_sorted,825,176,17,17,17,17
reverse_sorted,826,175,17,17,17,17
reverse_sorted,827,174,17,17,17,17
reverse_sorted,828,173,17,17,17,17
reverse_sorted,829,172,17,17,17,17
reverse_sorted,830,171,17,17,17,17
reverse_sorted,831,170,17,17,17,17
reverse_sorted,832,169,17,17,17,17
reverse_sorted,833,168,17,17,17,17
reverse_sorted,834,167,17,17,17,17
reverse_sorted,835,166,17,17,17,17
reverse_sorted,836,165,17,17,17,17
reverse_sorted,837,164,17,17,17,17
reverse_sorted,838,163,17,17,17,17
reverse_sorted,839,162,17,17,17,17
reverse_sorted,840,161,17,17,17,17
reverse_sorted,841,160,17,17,17,17
reverse_sorted,842,159,17,17,17,17
reverse_sorted,843,158,17,17,17,17
reverse_sorted,844,157,17,17,17,17
reverse_sorted,845,156,17,17,17,17
reverse_sorted,846,155,17,17,17,17
reverse_sorted,847,154,17,17,17,17
reverse_sorted,848,153,17,17,17,17
reverse_sorted,849,152,17,17,17,17
reverse_sorted,850,151,17,17,17,17
reverse_sorted,851,150,17,17,17,17
reverse_sorted,852,149,17,17,17,17
reverse_sorted,853,148,17,17,17,17
reverse_sorted,854,147,17,17,17,17
reverse_sorted,855,146,17,17,17,17
reverse_sorted,856,145,17,17,17,17
reverse_sorted,857,144,17,17,17,17
reverse_sorted,858,143,17,17,17,17
reverse_sorted,859,142,17,17,17,17
reverse_sorted,860,141,17,17,17,17
reverse_sorted,861,140,17,17,17,17
reverse_sorted,862,139,17,17,17,17
reverse_sorted,863,138,17,17,17,17
reverse_sorted,864,137,17,17,17,17
reverse_sorted,865,136,17,17,17,17
reverse_sorted,866,135,17,17,17,17
reverse_sorted,867,134,17,17,17,17
reverse_sorted,868,133,17,17,17,17
reverse_sorted,869,132,17,17,17,17
reverse_sorted,870,131,17,17,17,17
reverse_sorted,871,130,17,17,17,17
reverse_sorted,872,129,17,17,17,17
reverse_sorted,873,128,17,17,17,17
reverse_sorted,874,127,17,17,17,17
reverse_sorted,875,126,17,17,17,17
reverse_sorted,876,125,17,17,17,17
reverse_sorted,877,124,17,17,17,17
reverse_sorted,878,123,17,17,17,17
reverse_sorted,879,122,17,17,17,17
reverse_sorted,880,121,17,17,17,17
reverse_sorted,881,120,17,17,17,17
reverse_sorted,882,119,17,17,17,17
reverse_sorted,883,118,17,17,17,17
reverse_sorted,884,117,17,17,17,17
reverse_sorted,885,116,17,17,17,17
reverse_sorted,886,115,17,17,17,17
reverse_sorted,887,114,17,17,17,17
reverse_sorted,888,113,17,17,17,17
reverse_sorted,889,112,17,17,17,17
reverse_sorted,890,111,17,17,17,17
reverse_sorted,891,110,17,17,17,17
reverse_sorted,892,109,17,17,17,17
reverse_sorted,893,108,17,17,17,17
reverse_sorted,894,107,17,17,17,17
reverse_sorted,895,106,17,17,17,17
reverse_sorted,896,105,17,17,17,17
reverse_sorted,897,104,17,17,17,17
reverse_sorted,898,103,17,17,17,17
reverse_sorted,899,102,17,17,17,17
reverse_sorted,900,101,17,17,17,17
reverse_sorted,901,100,17,17,17,17
reverse_sorted,902,99,17,17,17,17
reverse_sorted,903,98,17,17,17,17
reverse_sorted,904,97,17,17,17,17
reverse_sorted,905,96,17,17,17,17
reverse_sorted,906,95,17,17,17,17
reverse_sorted,907,94,17,17,17,17
reverse_sorted,908,93,17,17,17,17
reverse_sorted,909,92,17,17,17,17
reverse_sorted,910,91,17,17,17,17
reverse_sorted,911,90,17,17,17,17
reverse_sorted,912,89,17,17,17,17
reverse_sorted,913,88,17,17,17,17
reverse_sorted,914,87,17,17,17,17
reverse_sorted,915,86,17,17,17,17
reverse_sorted,916,85,17,17,17,17
reverse_sorted,917,84,17,17,17,17
reverse_sorted,918,83,17,17,17,17
reverse_sorted,919,82,17,17,17,17
reverse_sorted,920,81,17,17,17,17
reverse_sorted,921,80,17,17,17,17
reverse_sorted,922,79,17,17,17,17
reverse_sorted,923,78,17,17,17,17
reverse_sorted,924,77,17,17,17,17
reverse_sorted,925,76,17,17,17,17
reverse_sorted,926,75,17,17,17,17
reverse_sorted,927,74,17,17,17,17
reverse_sorted,928,73,17,17,17,17
reverse_sorted,929,72,17,17,17,17
reverse_sorted,930,71,17,17,17,17
reverse_sorted,931,70,17,17,17,17
reverse_sorted,932,69,17,17,17,17
reverse_sorted,933,68,17,17,17,17
reverse_sorted,934,67,17,17,17,17
reverse_sorted,935,66,17,17,17,17
reverse_sorted,936,65,17,17,17,17
reverse_sorted,937,64,17,17,17,17
reverse_sorted,938,63,17,17,17,17
reverse_sorted,939,62,17,17,17,17
reverse_sorted,940,61,17,17,17,17
reverse_sorted,941,60,17,17,17,17
reverse_sorted,942,59,17,17,17,17
reverse_sorted,943,58,17,17,17,17
reverse_sorted,944,57,17,17,17,17
reverse_sorted,945,56,17,17,17,17
reverse_sorted,946,55,17,17,17,17
reverse_sorted,947,54,17,17,17,17
reverse_sorted,948,53,17,17,17,17
reverse_sorted,949,52,17,17,17,17
reverse_sorted,950,51,17,17,17,17
reverse_sorted,951,50,17,17,17,17
reverse_sorted,952,49,17,17,17,17
reverse_sorted,953,48,17,17,17,17
reverse_sorted,954,47,17,17,17,17
reverse_sorted,955,46,17,17,17,17
reverse_sorted,956,45,17,17,17,17
reverse_sorted,957,44,17,17,17,17
reverse_sorted,958,43,17,17,17,17
reverse_sorted,959,42,17,17,17,17
reverse_sorted,960,41,17,17,17,17
reverse_sorted,961,40,17,17,17,17
reverse_sorted,962,39,17,17,17,17
reverse_sorted,963,38,17,17,17,17
reverse_sorted,964,37,17,17,17,17
reverse_sorted,965,36,17,17,17,17
reverse_sorted,966,35,17,17,17,17
reverse_sorted,967,34,17,17,17,17
reverse_sorted,968,33,17,17,17,17
reverse_sorted,969,32,17,17,17,17
reverse_sorted,970,31,17,17,17,17
reverse_sorted,971,30,17,17,17,17
reverse_sorted,972,29,17,17,17,17
reverse_sorted,973,28,17,17,17,17
reverse_sorted,974,27,17,17,17,17
reverse_sorted,975,26,17,17,17,17
reverse_sorted,976,25,17,17,17,17
reverse_sorted,977,24,17,17,17,17
reverse_sorted,978,23,17,17,17,17
reverse_sorted,979,22,17,17,17,17
reverse_sorted,980,21,17,17,17,17
reverse_sorted,981,20,17,17,17,17
reverse_sorted,982,19,17,17,17,17
reverse_sorted,983,18,17,17,17,17
reverse_sorted,984,17,17,17,17,17
reverse_sorted,985,16,17,17,17,17
reverse_sorted,986,15,17,17,17,17
reverse_sorted,987,14,17,17,17,17
reverse_sorted,988,13,17,17,17,17
reverse_sorted,989,12,17,17,17,17
reverse_sorted,990,11,17,17,17,17
reverse_sorted,991,10,17,17,17,17
reverse_sorted,992,9,17,17,17,17
reverse_sorted,993,8,17,17,17,17
reverse_sorted,994,7,17,17,17,17
reverse_sorted,995,6,17,17,17,17
reverse_sorted,996,5,17,17,17,17
reverse_sorted,997,4,17,17,17,17
reverse_sorted,998,3,17,17,17,17
reverse_sorted,999,2,17,17,17,17
reverse_sorted,1000,1,17,17,17,17
