elements,randomComparisons,sortedComparisons,randomHeight,sortedHeight,randomSearchComparisons,sortedSearchComparisons,randomDeletionComparisons,sortedDeletionComparisons
1,0,0,0,0,1000,1000,14,699
2,1,1,1,1,1500,1507,12,158
3,2,2,2,2,1950,2003,12,114
4,1,3,2,3,1994,2488,8,385
5,2,4,2,4,2202,2968,18,537
6,3,5,3,5,2479,3522,17,583
7,3,6,3,6,2678,3983,9,771
8,4,7,4,7,3008,4568,14,470
9,5,8,5,8,3320,4986,16,318
10,3,9,5,9,3411,5555,14,645
11,4,10,5,10,3515,6099,14,667
12,6,11,6,11,3820,6401,12,640
13,4,12,6,12,3852,7203,10,904
14,7,13,7,13,4294,7321,8,880
15,4,14,7,14,4258,7969,10,783
16,5,15,7,15,4397,8426,13,843
17,2,16,7,16,4349,8792,11,454
18,3,17,7,17,4229,9564,14,811
19,3,18,7,18,4155,9930,14,838
20,8,19,8,19,4486,10414,9,2
21,4,20,8,20,4538,11063,9,818
22,5,21,8,21,4548,11420,16,580
23,5,22,8,22,4682,12094,14,96
24,3,23,8,23,4561,12347,12,393
25,4,24,8,24,4472,12903,10,910
26,5,25,8,25,4641,13694,5,865
27,4,26,8,26,4668,14240,12,756
28,6,27,8,27,4730,14896,7,10
29,6,28,8,28,4746,14610,14,482
30,6,29,8,29,5004,15417,15,655
31,9,30,9,30,5091,15614,14,588
32,8,31,9,31,5108,16662,13,665
33,7,32,9,32,5326,17436,13,354
34,7,33,9,33,5249,17459,13,644
35,5,34,9,34,5380,18038,13,417
36,6,35,9,35,5484,18701,10,484
37,4,36,9,36,5404,19231,10,834
38,8,37,9,37,5565,19971,18,333
39,10,38,10,38,5552,20832,11,925
40,10,39,10,39,5737,20785,17,57
41,6,40,10,40,5922,20183,14,559
42,5,41,10,41,5964,22056,11,738
43,6,42,10,42,5862,21571,8,908
44,2,43,10,43,5886,22425,10,859
45,8,44,10,44,5837,23036,8,938
46,7,45,10,45,6000,23684,14,206
47,7,46,10,46,6103,24430,12,804
48,4,47,10,47,5988,24639,10,603
49,5,48,10,48,5911,24627,16,706
50,7,49,10,49,5823,25561,9,612
51,4,50,10,50,5965,26797,8,926
52,6,51,10,51,6085,25926,11,596
53,6,52,10,52,6048,27531,12,482
54,9,53,10,53,6017,26770,12,573
55,7,54,10,54,6121,27992,13,102
56,3,55,10,55,6158,28948,11,384
57,6,56,10,56,6051,28711,14,180
58,8,57,10,57,6203,29831,14,290
59,7,58,10,58,6137,29650,9,843
60,9,59,10,59,6218,29384,13,614
61,10,60,10,60,6382,31590,11,593
62,9,61,10,61,6515,31592,7,837
63,8,62,10,62,6509,31157,12,612
64,9,63,10,63,6499,33340,14,411
65,8,64,10,64,6451,32447,11,619
66,6,65,10,65,6659,32895,16,235
67,7,66,10,66,6499,32399,15,418
68,5,67,10,67,6542,35173,9,740
69,7,68,10,68,6552,34001,9,896
70,7,69,10,69,6646,35610,10,431
71,5,70,10,70,6568,36068,8,9
72,10,71,10,71,6697,36742,16,331
73,5,72,10,72,6669,36443,13,11
74,8,73,10,73,6644,38468,17,315
75,4,74,10,74,6660,38581,10,530
76,10,75,10,75,6653,38309,14,704
77,6,76,10,76,6787,38934,9,199
78,3,77,10,77,6522,37886,12,340
79,8,78,10,78,6653,39567,13,613
80,9,79,10,79,6613,41012,13,633
81,5,80,10,80,6751,41465,8,753
82,6,81,10,81,6731,42298,11,587
83,9,82,10,82,6629,41793,10,637
84,7,83,10,83,6673,42930,10,789
85,6,84,10,84,6813,43882,13,538
86,5,85,10,85,6768,44377,14,686
87,8,86,10,86,6762,44086,11,413
88,8,87,10,87,6849,44504,15,675
89,9,88,10,88,6812,46482,17,473
90,11,89,11,89,6913,46194,8,885
91,4,90,11,90,6915,45948,15,256
92,9,91,11,91,6976,45078,11,632
93,5,92,11,92,6919,45450,17,310
94,9,93,11,93,7013,47673,15,453
95,7,94,11,94,7065,46979,13,65
96,11,95,11,95,6919,49405,14,677
97,8,96,11,96,7252,47843,11,348
98,11,97,11,97,7023,50690,13,653
99,6,98,11,98,7053,49890,10,869
100,7,99,11,99,7139,48645,15,85
101,8,100,11,100,7100,50447,13,26
102,9,101,11,101,7204,51036,7,888
103,12,102,12,102,7172,52335,15,627
104,10,103,12,103,7153,52535,14,224
105,7,104,12,104,7288,53169,10,838
106,5,105,12,105,7140,53934,15,337
107,5,106,12,106,7226,54485,12,612
108,6,107,12,107,7224,53576,14,132
109,11,108,12,108,7222,55361,13,677
110,5,109,12,109,7161,54353,15,675
111,8,110,12,110,7207,54235,14,142
112,7,111,12,111,7175,57631,12,755
113,10,112,12,112,7287,58463,18,238
114,11,113,12,113,7414,59150,12,423
115,12,114,12,114,7346,57405,14,628
116,7,115,12,115,7378,59062,11,330
117,6,116,12,116,7263,59897,14,456
118,8,117,12,117,7358,61098,8,513
119,10,118,12,118,7345,59490,9,871
120,13,119,13,119,7545,60887,14,28
121,6,120,13,120,7396,59679,9,852
122,8,121,13,121,7488,59819,8,780
123,7,122,13,122,7541,60442,11,19
124,5,123,13,123,7500,63218,13,628
125,5,124,13,124,7540,62975,11,203
126,7,125,13,125,7514,62617,13,325
127,7,126,13,126,7401,62908,15,60
128,4,127,13,127,7509,63551,11,178
129,6,128,13,128,7518,63254,9,797
130,10,129,13,129,7602,66141,14,283
131,7,130,13,130,7509,65448,16,321
132,8,131,13,131,7397,65253,15,229
133,6,132,13,132,7446,67116,12,497
134,9,133,13,133,7580,67115,9,501
135,7,134,13,134,7603,70076,12,573
136,7,135,13,135,7389,68766,12,575
137,9,136,13,136,7496,68962,18,249
138,14,137,14,137,7648,68929,17,239
139,9,138,14,138,7550,70767,9,163
140,10,139,14,139,7599,72224,16,312
141,9,140,14,140,7593,70073,10,672
142,11,141,14,141,7823,70809,13,586
143,8,142,14,142,7748,74113,8,342
144,8,143,14,143,7663,72443,11,213
145,5,144,14,144,7745,73136,15,368
146,7,145,14,145,7734,76685,12,732
147,13,146,14,146,7661,73481,6,844
148,6,147,14,147,7657,74417,16,598
149,8,148,14,148,7660,73658,12,55
150,7,149,14,149,7803,75954,13,267
151,8,150,14,150,7803,74248,7,810
152,7,151,14,151,7779,75511,12,730
153,7,152,14,152,7733,75773,17,67
154,8,153,14,153,7798,77275,9,460
155,10,154,14,154,7753,77185,12,11
156,7,155,14,155,7903,77164,13,354
157,8,156,14,156,7839,78192,9,684
158,8,157,14,157,7959,79240,8,832
159,9,158,14,158,7880,80005,8,553
160,7,159,14,159,7794,81441,17,298
161,9,160,14,160,7763,79894,12,136
162,6,161,14,161,7897,82796,12,117
163,14,162,14,162,7998,83113,10,400
164,15,163,15,163,7686,80443,10,179
165,11,164,15,164,7873,84271,13,133
166,10,165,15,165,7852,82318,14,20
167,8,166,15,166,7988,82558,15,519
168,11,167,15,167,7931,83874,9,156
169,16,168,16,168,8066,86306,16,50
170,8,169,16,169,8003,86216,15,310
171,10,170,16,170,8033,85692,12,306
172,8,171,16,171,8392,86356,14,265
173,8,172,16,172,8061,89170,17,275
174,10,173,16,173,8152,89877,7,788
175,15,174,16,174,8279,90182,11,390
176,9,175,16,175,8089,87911,12,197
177,8,176,16,176,8138,88932,12,313
178,9,177,16,177,8218,88239,9,639
179,10,178,16,178,8166,90305,10,476
180,9,179,16,179,8117,90029,11,776
181,8,180,16,180,8236,90953,11,196
182,11,181,16,181,8046,91360,11,52
183,11,182,16,182,8170,92520,12,366
184,9,183,16,183,8325,92348,10,744
185,8,184,16,184,8353,92875,9,461
186,8,185,16,185,8160,90342,12,56
187,8,186,16,186,8191,91938,6,716
188,6,187,16,187,8252,97511,13,498
189,12,188,16,188,8293,95883,9,153
190,7,189,16,189,8328,93983,13,694
191,9,190,16,190,8286,93639,8,5
192,11,191,16,191,8262,97220,10,751
193,10,192,16,192,8339,102091,14,495
194,11,193,16,193,8398,98560,9,704
195,9,194,16,194,8569,95494,12,314
196,10,195,16,195,8436,101669,10,170
197,9,196,16,196,8295,100017,14,262
198,9,197,16,197,8435,101572,13,325
199,8,198,16,198,8451,103278,12,569
200,12,199,16,199,8161,98283,11,159
201,9,200,16,200,8279,103799,20,228
202,10,201,16,201,8438,101827,17,213
203,8,202,16,202,8385,101923,8,631
204,11,203,16,203,8624,101552,13,571
205,10,204,16,204,8383,102614,10,170
206,13,205,16,205,8582,101890,11,503
207,10,206,16,206,8429,101966,7,709
208,12,207,16,207,8536,101937,12,566
209,10,208,16,208,8583,106125,12,402
210,13,209,16,209,8466,109327,12,371
211,7,210,16,210,8664,104167,14,488
212,8,211,16,211,8578,110042,7,779
213,12,212,16,212,8616,107397,9,709
214,12,213,16,213,8569,109857,12,104
215,12,214,16,214,8523,111244,12,414
216,9,215,16,215,8571,111083,11,602
217,7,216,16,216,8696,107741,6,774
218,9,217,16,217,8600,108064,7,738
219,8,218,16,218,8732,112484,12,467
220,8,219,16,219,8765,108666,13,406
221,9,220,16,220,8653,109574,9,718
222,8,221,16,221,8559,112155,16,195
223,10,222,16,222,8571,110134,11,416
224,5,223,16,223,8618,110982,13,35
225,9,224,16,224,8648,114425,11,363
226,17,225,17,225,8683,114657,12,201
227,8,226,17,226,8780,113623,16,280
228,10,227,17,227,8489,113245,17,240
229,12,228,17,228,8747,115681,12,724
230,13,229,17,229,8823,112842,10,411
231,8,230,17,230,8684,115407,12,567
232,9,231,17,231,8592,118940,13,241
233,8,232,17,232,8593,115458,7,679
234,9,233,17,233,8671,119321,10,672
235,6,234,17,234,8835,120380,11,288
236,8,235,17,235,8656,119344,10,714
237,9,236,17,236,8898,118451,10,183
238,11,237,17,237,8646,119563,9,2
239,13,238,17,238,8766,120826,8,670
240,7,239,17,239,8883,123037,12,650
241,10,240,17,240,8702,121607,10,355
242,12,241,17,241,8877,121665,8,169
243,10,242,17,242,8834,120321,10,353
244,13,243,17,243,8777,124171,9,716
245,11,244,17,244,8742,123831,13,447
246,12,245,17,245,8780,119970,9,304
247,6,246,17,246,8916,124810,17,267
248,10,247,17,247,9055,120254,6,672
249,11,248,17,248,8775,120849,9,609
250,11,249,17,249,9011,123557,16,454
251,8,250,17,250,8908,123373,11,183
252,10,251,17,251,8853,126235,10,183
253,10,252,17,252,8794,128606,8,490
254,10,253,17,253,8944,123528,15,72
255,11,254,17,254,8932,122970,9,734
256,10,255,17,255,8903,131347,7,674
257,14,256,17,256,9071,126091,11,648
258,14,257,17,257,9069,127557,13,328
259,6,258,17,258,8967,129389,20,230
260,16,259,17,259,9022,131939,12,234
261,13,260,17,260,9107,128291,12,494
262,12,261,17,261,8908,129916,11,461
263,11,262,17,262,9044,130952,8,709
264,14,263,17,263,9322,130889,7,612
265,10,264,17,264,9084,134793,11,602
266,11,265,17,265,9124,133805,14,188
267,11,266,17,266,9149,135632,9,299
268,8,267,17,267,9120,131936,8,482
269,8,268,17,268,9071,130989,4,623
270,7,269,17,269,9193,132284,12,615
271,12,270,17,270,9057,137416,7,646
272,7,271,17,271,9156,138346,8,717
273,14,272,17,272,8942,137675,18,225
274,8,273,17,273,9286,136379,14,370
275,11,274,17,274,9291,135943,11,682
276,9,275,17,275,9135,137731,11,128
277,9,276,17,276,9179,140746,9,673
278,10,277,17,277,9283,139756,10,682
279,7,278,17,278,9254,141339,10,306
280,7,279,17,279,9242,139282,11,101
281,10,280,17,280,9142,145105,12,278
282,11,281,17,281,9046,149097,13,237
283,9,282,17,282,9088,139838,12,608
284,7,283,17,283,9077,144975,12,11
285,9,284,17,284,9157,146106,15,511
286,12,285,17,285,9196,151036,13,449
287,11,286,17,286,9162,148011,10,177
288,14,287,17,287,9176,139370,12,13
289,11,288,17,288,9112,142543,14,513
290,18,289,18,289,9205,146049,11,619
291,11,290,18,290,9292,147180,13,517
292,12,291,18,291,9445,151010,20,211
293,14,292,18,292,9344,146150,8,571
294,9,293,18,293,9468,149652,8,639
295,11,294,18,294,9446,149381,10,576
296,17,295,18,295,9157,149202,7,646
297,5,296,18,296,9390,145175,14,510
298,10,297,18,297,9325,148057,12,405
299,11,298,18,298,9436,149624,14,390
300,9,299,18,299,9522,147216,12,387
301,7,300,18,300,9291,153618,13,438
302,12,301,18,301,9250,151597,10,363
303,10,302,18,302,9418,152244,12,454
304,12,303,18,303,9393,154427,9,581
305,12,304,18,304,9567,150525,14,78
306,10,305,18,305,9454,151266,16,534
307,11,306,18,306,9234,155556,19,213
308,12,307,18,307,9406,156295,15,201
309,9,308,18,308,9464,151555,5,621
310,7,309,18,309,9564,154709,8,654
311,10,310,18,310,9365,154045,10,489
312,8,311,18,311,9401,152301,14,315
313,10,312,18,312,9356,159652,17,215
314,12,313,18,313,9264,154731,14,474
315,11,314,18,314,9407,161034,14,394
316,13,315,18,315,9451,161894,12,47
317,13,316,18,316,9305,160110,6,673
318,11,317,18,317,9550,161205,16,421
319,6,318,18,318,9474,158490,10,407
320,15,319,18,319,9595,157158,14,385
321,14,320,18,320,9547,165380,9,667
322,14,321,18,321,9515,157776,17,389
323,14,322,18,322,9455,161518,10,593
324,6,323,18,323,9525,158210,10,474
325,10,324,18,324,9505,162285,10,295
326,10,325,18,325,9618,159152,16,233
327,15,326,18,326,9503,163363,14,313
328,12,327,18,327,9700,160676,14,484
329,7,328,18,328,9485,168240,12,489
330,9,329,18,329,9550,168190,13,336
331,11,330,18,330,9654,168420,7,558
332,11,331,18,331,9595,167117,15,415
333,15,332,18,332,9650,169117,16,513
334,16,333,18,333,9696,166901,10,629
335,9,334,18,334,9427,171031,12,520
336,9,335,18,335,9598,161731,6,632
337,13,336,18,336,9635,168495,11,520
338,11,337,18,337,9728,168791,8,629
339,15,338,18,338,9541,164954,15,233
340,14,339,18,339,9443,171264,7,650
341,10,340,18,340,9904,174334,9,173
342,9,341,18,341,9757,174041,9,276
343,7,342,18,342,9754,178385,9,400
344,8,343,18,343,9687,170575,11,257
345,12,344,18,344,9621,165536,14,316
346,15,345,18,345,9811,173275,8,573
347,10,346,18,346,9738,177096,13,382
348,11,347,18,347,9678,174631,7,547
349,12,348,18,348,9856,170530,12,452
350,12,349,18,349,9801,180889,12,145
351,11,350,18,350,9920,173074,11,459
352,6,351,18,351,9571,176569,13,315
353,11,352,18,352,9920,176728,12,496
354,15,353,18,353,9613,171012,9,316
355,11,354,18,354,9714,175442,9,277
356,9,355,18,355,9673,175531,16,246
357,9,356,18,356,9684,181430,16,463
358,12,357,18,357,9894,182876,9,562
359,13,358,18,358,9813,179322,8,514
360,5,359,18,359,9881,177720,9,288
361,9,360,18,360,9696,182265,16,244
362,10,361,18,361,9656,177534,8,618
363,13,362,18,362,9578,181104,12,365
364,14,363,18,363,9888,181697,15,461
365,14,364,18,364,10001,181321,16,211
366,6,365,18,365,9964,178827,14,225
367,10,366,18,366,9863,186366,12,131
368,10,367,18,367,9857,184907,10,150
369,11,368,18,368,9692,180307,15,444
370,12,369,18,369,9818,183928,12,390
371,9,370,18,370,9709,186948,15,181
372,8,371,18,371,9867,183652,9,413
373,12,372,18,372,9841,187974,5,567
374,9,373,18,373,9762,186835,10,38
375,11,374,18,374,9853,193781,13,235
376,12,375,18,375,9805,188875,5,595
377,9,376,18,376,9888,190755,11,9
378,12,377,18,377,9963,190741,10,89
379,13,378,18,378,9889,190672,11,412
380,9,379,18,379,10010,194945,6,560
381,12,380,18,380,9911,190077,8,597
382,9,381,18,381,9888,192393,6,617
383,11,382,18,382,9952,193854,7,575
384,10,383,18,383,9879,187758,10,374
385,6,384,18,384,9866,191971,8,573
386,6,385,18,385,9663,195168,11,425
387,16,386,18,386,9784,186542,13,44
388,12,387,18,387,9836,198365,15,239
389,13,388,18,388,9851,202206,13,230
390,7,389,18,389,9862,198833,11,117
391,12,390,18,390,9948,193499,8,561
392,8,391,18,391,9829,195704,14,278
393,11,392,18,392,10055,200783,13,330
394,12,393,18,393,9852,197211,10,530
395,6,394,18,394,9751,200026,12,288
396,12,395,18,395,9908,199933,10,569
397,13,396,18,396,9886,205147,13,16
398,11,397,18,397,9916,192954,10,297
399,6,398,18,398,10091,201036,15,53
400,15,399,18,399,9966,202001,13,129
401,8,400,18,400,9837,206072,14,41
402,10,401,18,401,9883,202000,12,87
403,12,402,18,402,10108,203828,12,239
404,16,403,18,403,9948,201348,9,502
405,6,404,18,404,9894,203804,9,356
406,12,405,18,405,9898,199304,13,265
407,6,406,18,406,10028,202651,13,249
408,19,407,19,407,9885,212483,7,591
409,10,408,19,408,10212,202013,8,543
410,13,409,19,409,10022,204795,12,43
411,12,410,19,410,9965,210460,12,302
412,13,411,19,411,9868,206556,11,448
413,12,412,19,412,9898,207988,11,290
414,7,413,19,413,10033,206950,14,309
415,11,414,19,414,10174,204384,10,162
416,7,415,19,415,10108,210004,14,425
417,14,416,19,416,10065,211653,10,291
418,11,417,19,417,10113,204366,12,465
419,12,418,19,418,10077,207097,6,581
420,11,419,19,419,10153,213512,16,172
421,8,420,19,420,9963,207622,15,184
422,13,421,19,421,9932,214239,9,479
423,9,422,19,422,10049,214863,19,189
424,9,423,19,423,10012,210819,13,293
425,8,424,19,424,10115,216913,11,93
426,12,425,19,425,10018,222170,12,44
427,14,426,19,426,10143,216898,10,73
428,13,427,19,427,9986,220138,11,452
429,13,428,19,428,10044,213900,8,505
430,10,429,19,429,10041,207148,14,262
431,12,430,19,430,9949,220397,13,63
432,12,431,19,431,10011,219039,9,468
433,13,432,19,432,10083,215796,18,184
434,12,433,19,433,9951,214671,13,27
435,9,434,19,434,10133,214880,12,308
436,10,435,19,435,10239,217264,11,139
437,10,436,19,436,10217,225492,11,84
438,6,437,19,437,10077,217805,15,201
439,8,438,19,438,10046,213966,4,509
440,14,439,19,439,10086,221376,16,258
441,7,440,19,440,9937,219442,15,217
442,12,441,19,441,10113,211912,12,92
443,11,442,19,442,10119,225304,10,84
444,15,443,19,443,10102,225028,11,496
445,10,444,19,444,10226,226893,18,179
446,13,445,19,445,10155,218647,13,307
447,9,446,19,446,10119,218340,7,536
448,12,447,19,447,10128,221261,15,212
449,7,448,19,448,10127,218570,12,241
450,15,449,19,449,10281,228458,11,406
451,10,450,19,450,9988,225234,8,370
452,15,451,19,451,10156,220398,13,66
453,7,452,19,452,10052,226909,10,353
454,11,453,19,453,10141,227040,11,375
455,14,454,19,454,10204,233969,14,227
456,14,455,19,455,10299,226569,13,434
457,11,456,19,456,10156,225992,10,477
458,11,457,19,457,10309,225422,14,55
459,8,458,19,458,10251,239194,8,473
460,11,459,19,459,10160,232962,11,271
461,12,460,19,460,10224,230520,14,462
462,9,461,19,461,10322,231666,12,403
463,12,462,19,462,10164,231637,13,62
464,14,463,19,463,10121,229554,10,327
465,14,464,19,464,10316,235607,13,50
466,9,465,19,465,10220,235353,8,145
467,11,466,19,466,10139,231909,13,414
468,6,467,19,467,10290,232621,10,382
469,10,468,19,468,10283,236837,19,182
470,11,469,19,469,10405,232184,11,381
471,12,470,19,470,10212,236849,12,66
472,15,471,19,471,10024,232403,11,232
473,12,472,19,472,10032,230619,15,331
474,13,473,19,473,10462,232549,15,44
475,7,474,19,474,10213,239556,8,423
476,14,475,19,475,10316,233028,6,479
477,10,476,19,476,10133,236261,8,422
478,10,477,19,477,10202,233988,7,35
479,15,478,19,478,10469,240786,10,96
480,14,479,19,479,10083,237091,12,263
481,12,480,19,480,10363,235725,11,111
482,12,481,19,481,10300,240326,12,183
483,12,482,19,482,10223,239812,13,217
484,6,483,19,483,10407,247192,13,185
485,13,484,19,484,10304,242297,12,133
486,12,485,19,485,10322,240809,13,295
487,11,486,19,486,10334,241935,8,483
488,15,487,19,487,10444,249144,10,417
489,13,488,19,488,10520,247861,15,163
490,8,489,19,489,10424,246994,12,29
491,11,490,19,490,10277,244193,12,55
492,6,491,19,491,10370,245400,7,344
493,9,492,19,492,10344,255209,14,396
494,10,493,19,493,10436,251731,12,123
495,13,494,19,494,10216,250286,9,285
496,17,495,19,495,10391,251734,10,399
497,8,496,19,496,10534,241783,12,352
498,13,497,19,497,10455,252788,11,281
499,8,498,19,498,10391,250553,13,227
500,12,499,19,499,10378,250249,12,227
501,8,500,19,500,10403,254249,,
502,15,501,19,501,10278,256356,,
503,8,502,19,502,10470,253120,,
504,9,503,19,503,10460,250485,,
505,9,504,19,504,10447,249626,,
506,9,505,19,505,10376,262793,,
507,18,506,19,506,10237,250177,,
508,14,507,19,507,10313,258334,,
509,10,508,19,508,10498,253798,,
510,11,509,19,509,10275,255093,,
511,13,510,19,510,10294,252319,,
512,8,511,19,511,10465,263753,,
513,15,512,19,512,10505,251392,,
514,10,513,19,513,10316,258398,,
515,9,514,19,514,10514,258343,,
516,12,515,19,515,10270,265778,,
517,12,516,19,516,10582,265513,,
518,15,517,19,517,10635,257157,,
519,12,518,19,518,10390,258834,,
520,12,519,19,519,10558,264335,,
521,11,520,19,520,10298,258709,,
522,12,521,19,521,10364,267744,,
523,10,522,19,522,10405,262231,,
524,8,523,19,523,10332,262986,,
525,10,524,19,524,10405,265796,,
526,11,525,19,525,10454,265379,,
527,11,526,19,526,10504,255304,,
528,15,527,19,527,10572,264533,,
529,13,528,19,528,10555,257864,,
530,11,529,19,529,10391,262725,,
531,16,530,19,530,10624,259242,,
532,13,531,19,531,10417,272024,,
533,15,532,19,532,10463,271105,,
534,12,533,19,533,10634,277309,,
535,10,534,19,534,10391,268774,,
536,11,535,19,535,10436,264018,,
537,10,536,19,536,10592,271573,,
538,12,537,19,537,10596,267176,,
539,11,538,19,538,10371,273529,,
540,16,539,19,539,10613,261800,,
541,13,540,19,540,10587,271576,,
542,9,541,19,541,10629,280486,,
543,13,542,19,542,10631,269134,,
544,11,543,19,543,10471,279913,,
545,10,544,19,544,10613,273211,,
546,8,545,19,545,10362,265988,,
547,16,546,19,546,10461,271930,,
548,13,547,19,547,10744,271992,,
549,5,548,19,548,10764,280616,,
550,9,549,19,549,10524,274674,,
551,9,550,19,550,10566,274210,,
552,16,551,19,551,10581,283055,,
553,12,552,19,552,10425,271866,,
554,13,553,19,553,10614,268991,,
555,20,554,20,554,10698,276415,,
556,11,555,20,555,10557,279172,,
557,13,556,20,556,10675,278118,,
558,11,557,20,557,10809,286056,,
559,14,558,20,558,10492,285680,,
560,16,559,20,559,10651,290062,,
561,13,560,20,560,10660,275749,,
562,11,561,20,561,10602,286386,,
563,12,562,20,562,10686,276091,,
564,10,563,20,563,10687,286358,,
565,10,564,20,564,10761,290199,,
566,8,565,20,565,10538,284576,,
567,16,566,20,566,10577,282356,,
568,10,567,20,567,10781,282044,,
569,10,568,20,568,10679,283402,,
570,10,569,20,569,10486,288958,,
571,7,570,20,570,10591,284430,,
572,11,571,20,571,10639,294046,,
573,10,572,20,572,10514,282246,,
574,11,573,20,573,10597,292333,,
575,7,574,20,574,10620,287404,,
576,10,575,20,575,10766,292129,,
577,15,576,20,576,10674,287579,,
578,12,577,20,577,10666,287130,,
579,9,578,20,578,10744,290408,,
580,20,579,20,579,10719,306709,,
581,12,580,20,580,10753,294513,,
582,8,581,20,581,10600,290236,,
583,14,582,20,582,10756,283596,,
584,13,583,20,583,10851,297825,,
585,10,584,20,584,10753,290079,,
586,13,585,20,585,10767,297919,,
587,11,586,20,586,10554,290071,,
588,9,587,20,587,10665,286914,,
589,15,588,20,588,10607,292827,,
590,14,589,20,589,10725,293003,,
591,13,590,20,590,10729,308098,,
592,15,591,20,591,10767,291831,,
593,14,592,20,592,10750,295349,,
594,13,593,20,593,10731,299275,,
595,12,594,20,594,10622,299401,,
596,13,595,20,595,10742,295626,,
597,15,596,20,596,10798,301006,,
598,10,597,20,597,10638,298283,,
599,8,598,20,598,10802,302757,,
600,10,599,20,599,10853,302589,,
601,11,600,20,600,10699,308899,,
602,11,601,20,601,10746,298720,,
603,8,602,20,602,10739,311552,,
604,14,603,20,603,10965,306777,,
605,9,604,20,604,10878,301844,,
606,13,605,20,605,10767,302324,,
607,12,606,20,606,10646,301199,,
608,11,607,20,607,10681,287641,,
609,15,608,20,608,10835,301593,,
610,14,609,20,609,10778,304434,,
611,14,610,20,610,10845,306890,,
612,12,611,20,611,10729,306325,,
613,8,612,20,612,10706,297461,,
614,10,613,20,613,10913,313024,,
615,13,614,20,614,10700,309074,,
616,9,615,20,615,10739,312695,,
617,11,616,20,616,10746,309217,,
618,15,617,20,617,10896,317298,,
619,13,618,20,618,10955,308062,,
620,11,619,20,619,10712,303868,,
621,14,620,20,620,10780,302092,,
622,12,621,20,621,10881,317778,,
623,13,622,20,622,10836,311725,,
624,16,623,20,623,10919,313590,,
625,10,624,20,624,10948,311293,,
626,8,625,20,625,10811,307352,,
627,12,626,20,626,10838,307025,,
628,11,627,20,627,10797,320115,,
629,14,628,20,628,10764,313712,,
630,12,629,20,629,10805,313458,,
631,7,630,20,630,11039,316717,,
632,14,631,20,631,10865,312752,,
633,12,632,20,632,10791,326495,,
634,7,633,20,633,10831,322122,,
635,8,634,20,634,10838,325641,,
636,11,635,20,635,10694,316255,,
637,4,636,20,636,10879,321769,,
638,11,637,20,637,10815,317076,,
639,12,638,20,638,10768,329275,,
640,7,639,20,639,10762,328922,,
641,15,640,20,640,10802,337199,,
642,8,641,20,641,10762,315724,,
643,14,642,20,642,10924,323533,,
644,9,643,20,643,11026,323735,,
645,10,644,20,644,10737,315335,,
646,13,645,20,645,11041,319568,,
647,10,646,20,646,10836,319747,,
648,18,647,20,647,10895,328157,,
649,13,648,20,648,10930,323341,,
650,11,649,20,649,10824,322241,,
651,7,650,20,650,11001,326725,,
652,9,651,20,651,11073,325124,,
653,13,652,20,652,10850,335714,,
654,9,653,20,653,10790,336395,,
655,13,654,20,654,10868,324506,,
656,12,655,20,655,10905,337241,,
657,11,656,20,656,10752,326795,,
658,15,657,20,657,10932,321478,,
659,16,658,20,658,11004,329418,,
660,14,659,20,659,10968,334053,,
661,11,660,20,660,10876,339640,,
662,11,661,20,661,10902,338732,,
663,10,662,20,662,10981,326735,,
664,9,663,20,663,11026,325922,,
665,19,664,20,664,10908,330145,,
666,7,665,20,665,11083,335146,,
667,15,666,20,666,10868,328850,,
668,12,667,20,667,10884,343649,,
669,7,668,20,668,10737,341821,,
670,11,669,20,669,11002,343630,,
671,10,670,20,670,10891,337705,,
672,11,671,20,671,10904,332759,,
673,12,672,20,672,10870,332062,,
674,11,673,20,673,10934,338258,,
675,13,674,20,674,11058,331148,,
676,11,675,20,675,10890,348329,,
677,10,676,20,676,10829,336793,,
678,16,677,20,677,11003,338083,,
679,11,678,20,678,10717,324487,,
680,13,679,20,679,10815,338404,,
681,11,680,20,680,11107,339710,,
682,10,681,20,681,10974,350412,,
683,8,682,20,682,10729,352951,,
684,12,683,20,683,10926,337447,,
685,17,684,20,684,10717,344847,,
686,12,685,20,685,10893,340978,,
687,14,686,20,686,10920,342242,,
688,9,687,20,687,10982,343527,,
689,9,688,20,688,10992,340562,,
690,8,689,20,689,11038,341983,,
691,7,690,20,690,10891,342659,,
692,11,691,20,691,10835,353033,,
693,12,692,20,692,10930,327511,,
694,13,693,20,693,11062,349319,,
695,12,694,20,694,10845,352860,,
696,15,695,20,695,11020,353151,,
697,11,696,20,696,10824,343763,,
698,11,697,20,697,11035,353705,,
699,12,698,20,698,11163,344952,,
700,14,699,20,699,10805,348266,,
701,9,700,20,700,10914,360493,,
702,12,701,20,701,11020,358794,,
703,13,702,20,702,11096,346129,,
704,9,703,20,703,11057,354285,,
705,9,704,20,704,11124,346954,,
706,15,705,20,705,11026,355395,,
707,14,706,20,706,10896,357899,,
708,11,707,20,707,11110,350916,,
709,8,708,20,708,11151,350414,,
710,12,709,20,709,10900,358105,,
711,9,710,20,710,10995,356751,,
712,11,711,20,711,11063,349116,,
713,11,712,20,712,10956,358836,,
714,15,713,20,713,11125,345394,,
715,10,714,20,714,11117,360236,,
716,8,715,20,715,11094,354233,,
717,13,716,20,716,10966,356426,,
718,8,717,20,717,11055,361221,,
719,11,718,20,718,11009,370594,,
720,9,719,20,719,11208,348413,,
721,10,720,20,720,11048,364059,,
722,14,721,20,721,11140,358007,,
723,10,722,20,722,10883,361342,,
724,15,723,20,723,10971,362036,,
725,10,724,20,724,10849,370984,,
726,15,725,20,725,10878,376803,,
727,12,726,20,726,11024,354847,,
728,11,727,20,727,10659,361173,,
729,16,728,20,728,10905,363246,,
730,20,729,20,729,11106,370048,,
731,13,730,20,730,10970,363656,,
732,12,731,20,731,11064,374322,,
733,8,732,20,732,10989,366734,,
734,9,733,20,733,11001,369026,,
735,6,734,20,734,11026,361022,,
736,15,735,20,735,11144,376373,,
737,16,736,20,736,11233,371196,,
738,12,737,20,737,11090,379535,,
739,10,738,20,738,11154,374008,,
740,15,739,20,739,11153,368741,,
741,13,740,20,740,11122,372077,,
742,17,741,20,741,10973,377294,,
743,11,742,20,742,11086,364476,,
744,14,743,20,743,11138,380286,,
745,17,744,20,744,11007,365996,,
746,11,745,20,745,11283,379372,,
747,11,746,20,746,11194,372595,,
748,9,747,20,747,11211,383642,,
749,16,748,20,748,11300,377062,,
750,16,749,20,749,11269,385934,,
751,10,750,20,750,11098,366139,,
752,10,751,20,751,11101,383306,,
753,15,752,20,752,11155,388021,,
754,9,753,20,753,11222,370582,,
755,11,754,20,754,11207,384931,,
756,10,755,20,755,11174,380350,,
757,11,756,20,756,11077,372089,,
758,5,757,20,757,11165,379147,,
759,11,758,20,758,11020,382887,,
760,7,759,20,759,11125,377158,,
761,12,760,20,760,11118,368713,,
762,12,761,20,761,11054,377601,,
763,16,762,20,762,11132,374505,,
764,14,763,20,763,10898,372920,,
765,10,764,20,764,11057,388029,,
766,9,765,20,765,11114,387899,,
767,7,766,20,766,11225,392224,,
768,10,767,20,767,11209,378880,,
769,15,768,20,768,11166,379757,,
770,14,769,20,769,11171,386316,,
771,7,770,20,770,11038,390106,,
772,11,771,20,771,11322,402172,,
773,12,772,20,772,11195,388590,,
774,11,773,20,773,11091,371471,,
775,8,774,20,774,11102,396475,,
776,14,775,20,775,11261,377559,,
777,10,776,20,776,11169,391624,,
778,16,777,20,777,11291,378667,,
779,8,778,20,778,11178,385173,,
780,7,779,20,779,11315,389632,,
781,10,780,20,780,11084,399055,,
782,9,781,20,781,11218,385530,,
783,11,782,20,782,11225,391128,,
784,13,783,20,783,11185,385796,,
785,13,784,20,784,10954,388387,,
786,12,785,20,785,11245,393519,,
787,13,786,20,786,11077,413736,,
788,8,787,20,787,11327,387713,,
789,13,788,20,788,11097,403318,,
790,10,789,20,789,11147,392980,,
791,13,790,20,790,11128,403615,,
792,12,791,20,791,11218,401352,,
793,15,792,20,792,11223,406042,,
794,11,793,20,793,11177,389116,,
795,12,794,20,794,11292,388999,,
796,17,795,20,795,11257,411966,,
797,7,796,20,796,11198,400821,,
798,13,797,20,797,11152,398341,,
799,14,798,20,798,11233,405133,,
800,7,799,20,799,11172,402833,,
801,13,800,20,800,10945,400033,,
802,16,801,20,801,11393,400529,,
803,13,802,20,802,11366,415574,,
804,17,803,20,803,11276,409421,,
805,12,804,20,804,11250,414803,,
806,9,805,20,805,11258,404906,,
807,11,806,20,806,11153,407909,,
808,17,807,20,807,11185,401056,,
809,14,808,20,808,11176,404132,,
810,12,809,20,809,11071,415737,,
811,11,810,20,810,11433,401549,,
812,10,811,20,811,11305,418169,,
813,12,812,20,812,11196,413636,,
814,13,813,20,813,11313,418519,,
815,9,814,20,814,11027,408967,,
816,13,815,20,815,11404,409195,,
817,9,816,20,816,11320,402919,,
818,8,817,20,817,11515,418655,,
819,12,818,20,818,11147,412749,,
820,15,819,20,819,11077,425868,,
821,10,820,20,820,11331,416920,,
822,10,821,20,821,11207,420630,,
823,11,822,20,822,11291,424674,,
824,21,823,21,823,11264,427878,,
825,11,824,21,824,11312,411365,,
826,14,825,21,825,11203,410122,,
827,16,826,21,826,11252,419502,,
828,13,827,21,827,11387,407650,,
829,9,828,21,828,11251,400091,,
830,13,829,21,829,11041,418541,,
831,16,830,21,830,11048,415915,,
832,13,831,21,831,11128,417676,,
833,9,832,21,832,11327,423375,,
834,14,833,21,833,11224,420082,,
835,12,834,21,834,11110,417006,,
836,9,835,21,835,11429,423413,,
837,12,836,21,836,11334,420318,,
838,8,837,21,837,11232,428220,,
839,12,838,21,838,11391,412274,,
840,12,839,21,839,11170,418489,,
841,10,840,21,840,11245,430662,,
842,6,841,21,841,11416,426683,,
843,14,842,21,842,11429,419609,,
844,12,843,21,843,11345,424968,,
845,18,844,21,844,11260,421658,,
846,14,845,21,845,11451,420473,,
847,11,846,21,846,11245,427670,,
848,15,847,21,847,11282,428039,,
849,10,848,21,848,11234,431204,,
850,16,849,21,849,11548,419493,,
851,13,850,21,850,11501,422684,,
852,13,851,21,851,11386,424356,,
853,14,852,21,852,11383,420164,,
854,10,853,21,853,11405,433254,,
855,13,854,21,854,11276,419316,,
856,15,855,21,855,11303,436046,,
857,10,856,21,856,11195,441179,,
858,10,857,21,857,11271,422332,,
859,11,858,21,858,11306,433721,,
860,12,859,21,859,11402,415144,,
861,9,860,21,860,11528,433742,,
862,12,861,21,861,11354,443032,,
863,13,862,21,862,11374,436452,,
864,13,863,21,863,11426,437174,,
865,14,864,21,864,11538,437420,,
866,8,865,21,865,11415,427346,,
867,11,866,21,866,11292,424902,,
868,17,867,21,867,11508,437827,,
869,11,868,21,868,11261,443346,,
870,8,869,21,869,11390,438155,,
871,8,870,21,870,11493,438852,,
872,11,871,21,871,11352,440221,,
873,13,872,21,872,11169,426142,,
874,13,873,21,873,11418,435384,,
875,14,874,21,874,11461,429776,,
876,10,875,21,875,11336,436258,,
877,13,876,21,876,11378,442496,,
878,13,877,21,877,11363,423880,,
879,11,878,21,878,11376,434906,,
880,13,879,21,879,11528,436248,,
881,12,880,21,880,11372,441602,,
882,16,881,21,881,11430,434649,,
883,11,882,21,882,11343,444431,,
884,13,883,21,883,11263,445157,,
885,9,884,21,884,11577,439154,,
886,13,885,21,885,11340,445517,,
887,12,886,21,886,11293,464313,,
888,13,887,21,887,11446,443942,,
889,17,888,21,888,11483,430752,,
890,6,889,21,889,11526,450727,,
891,5,890,21,890,11352,452131,,
892,15,891,21,891,11438,438206,,
893,11,892,21,892,11386,431247,,
894,17,893,21,893,11521,454406,,
895,12,894,21,894,11213,423691,,
896,14,895,21,895,11403,444562,,
897,13,896,21,896,11387,460706,,
898,18,897,21,897,11603,443890,,
899,15,898,21,898,11505,466606,,
900,11,899,21,899,11552,434300,,
901,16,900,21,900,11436,463182,,
902,13,901,21,901,11439,457916,,
903,13,902,21,902,11437,457858,,
904,13,903,21,903,11551,459242,,
905,14,904,21,904,11447,436760,,
906,10,905,21,905,11568,441450,,
907,10,906,21,906,11430,450543,,
908,9,907,21,907,11277,456300,,
909,13,908,21,908,11528,465755,,
910,10,909,21,909,11385,465116,,
911,12,910,21,910,11392,462056,,
912,12,911,21,911,11500,454495,,
913,11,912,21,912,11361,457100,,
914,14,913,21,913,11404,453296,,
915,10,914,21,914,11433,459582,,
916,10,915,21,915,11616,475870,,
917,14,916,21,916,11431,449852,,
918,9,917,21,917,11428,465168,,
919,16,918,21,918,11514,462342,,
920,12,919,21,919,11388,461274,,
921,13,920,21,920,11589,450051,,
922,12,921,21,921,11413,466503,,
923,16,922,21,922,11576,455813,,
924,18,923,21,923,11518,449958,,
925,13,924,21,924,11586,458532,,
926,14,925,21,925,11425,471419,,
927,12,926,21,926,11491,443455,,
928,7,927,21,927,11473,460573,,
929,13,928,21,928,11550,477662,,
930,11,929,21,929,11477,469968,,
931,13,930,21,930,11533,441175,,
932,15,931,21,931,11503,468768,,
933,13,932,21,932,11331,461874,,
934,8,933,21,933,11494,465471,,
935,13,934,21,934,11610,462817,,
936,13,935,21,935,11626,479325,,
937,13,936,21,936,11542,465532,,
938,16,937,21,937,11491,479248,,
939,18,938,21,938,11535,476112,,
940,11,939,21,939,11412,475787,,
941,12,940,21,940,11671,461562,,
942,10,941,21,941,11806,478099,,
943,16,942,21,942,11574,467906,,
944,13,943,21,943,11640,478930,,
945,7,944,21,944,11354,468893,,
946,16,945,21,945,11499,473018,,
947,14,946,21,946,11368,475826,,
948,13,947,21,947,11476,479109,,
949,5,948,21,948,11356,471581,,
950,12,949,21,949,11418,478210,,
951,11,950,21,950,11545,474633,,
952,15,951,21,951,11536,485402,,
953,15,952,21,952,11715,478979,,
954,8,953,21,953,11414,473574,,
955,12,954,21,954,11538,487228,,
956,8,955,21,955,11586,480568,,
957,16,956,21,956,11540,477422,,
958,10,957,21,957,11410,489086,,
959,12,958,21,958,11542,486723,,
960,13,959,21,959,11638,467061,,
961,9,960,21,960,11372,470975,,
962,12,961,21,961,11645,498249,,
963,14,962,21,962,11656,479584,,
964,10,963,21,963,11689,492654,,
965,9,964,21,964,11474,484824,,
966,14,965,21,965,11577,472641,,
967,8,966,21,966,11640,465867,,
968,13,967,21,967,11598,485922,,
969,11,968,21,968,11591,478835,,
970,11,969,21,969,11675,493992,,
971,12,970,21,970,11614,483458,,
972,14,971,21,971,11679,478007,,
973,15,972,21,972,11615,489924,,
974,16,973,21,973,11557,487772,,
975,10,974,21,974,11511,490240,,
976,14,975,21,975,11617,490142,,
977,17,976,21,976,11429,493507,,
978,14,977,21,977,11527,501545,,
979,11,978,21,978,11630,500365,,
980,13,979,21,979,11560,498144,,
981,12,980,21,980,11452,484150,,
982,15,981,21,981,11531,484505,,
983,17,982,21,982,11744,493171,,
984,12,983,21,983,11567,498200,,
985,13,984,21,984,11664,498896,,
986,11,985,21,985,11602,486931,,
987,14,986,21,986,11643,482270,,
988,12,987,21,987,11367,473441,,
989,12,988,21,988,11602,496865,,
990,11,989,21,989,11632,502710,,
991,13,990,21,990,11753,491007,,
992,12,991,21,991,11610,500347,,
993,15,992,21,992,11516,508572,,
994,10,993,21,993,11625,486510,,
995,16,994,21,994,11521,485454,,
996,10,995,21,995,11626,504143,,
997,10,996,21,996,11562,470661,,
998,16,997,21,997,11497,501385,,
999,13,998,21,998,11771,497766,,
1000,7,999,21,999,11660,516608,,
