order,n,total_search_comparisons,average_search_comparisons,height
random,1,1000,1.00,1
random,2,1511,1.51,2
random,3,1674,1.67,2
random,4,2003,2.00,3
random,5,2217,2.22,3
random,6,2333,2.33,3
random,7,2573,2.57,4
random,8,2703,2.70,4
random,9,2802,2.80,4
random,10,2916,2.92,4
random,11,3055,3.06,4
random,12,3051,3.05,4
random,13,3139,3.14,4
random,14,3232,3.23,4
random,15,3372,3.37,5
random,16,3445,3.44,5
random,17,3549,3.55,5
random,18,3630,3.63,5
random,19,3663,3.66,5
random,20,3755,3.75,5
random,21,3724,3.72,5
random,22,3907,3.91,5
random,23,3819,3.82,5
random,24,3886,3.89,5
random,25,3942,3.94,5
random,26,3967,3.97,5
random,27,4026,4.03,6
random,28,4162,4.16,6
random,29,4202,4.20,6
random,30,4366,4.37,6
random,31,4267,4.27,6
random,32,4353,4.35,6
random,33,4302,4.30,6
random,34,4396,4.40,6
random,35,4462,4.46,6
random,36,4440,4.44,6
random,37,4479,4.48,6
random,38,4540,4.54,6
random,39,4570,4.57,6
random,40,4624,4.62,6
random,41,4595,4.59,6
random,42,4687,4.69,6
random,43,4649,4.65,7
random,44,4718,4.72,7
random,45,4744,4.74,7
random,46,4817,4.82,7
random,47,4850,4.85,7
random,48,4879,4.88,7
random,49,4976,4.98,7
random,50,5057,5.06,7
random,51,4973,4.97,7
random,52,4985,4.99,7
random,53,5093,5.09,7
random,54,5080,5.08,7
random,55,5172,5.17,7
random,56,5108,5.11,7
random,57,5139,5.14,7
random,58,5185,5.18,7
random,59,5112,5.11,7
random,60,5232,5.23,7
random,61,5239,5.24,7
random,62,5233,5.23,7
random,63,5217,5.22,7
random,64,5247,5.25,7
random,65,5235,5.24,7
random,66,5305,5.30,7
random,67,5351,5.35,7
random,68,5298,5.30,7
random,69,5377,5.38,7
random,70,5351,5.35,7
random,71,5417,5.42,7
random,72,5380,5.38,7
random,73,5528,5.53,7
random,74,5469,5.47,8
random,75,5505,5.50,8
random,76,5488,5.49,8
random,77,5503,5.50,8
random,78,5504,5.50,8
random,79,5556,5.56,8
random,80,5641,5.64,8
random,81,5583,5.58,8
random,82,5575,5.58,8
random,83,5619,5.62,8
random,84,5683,5.68,8
random,85,5676,5.68,8
random,86,5698,5.70,8
random,87,5696,5.70,8
random,88,5724,5.72,8
random,89,5721,5.72,8
random,90,5687,5.69,8
random,91,5813,5.81,8
random,92,5878,5.88,8
random,93,5771,5.77,8
random,94,5763,5.76,8
random,95,5936,5.94,8
random,96,5840,5.84,8
random,97,5869,5.87,8
random,98,5934,5.93,8
random,99,5838,5.84,8
random,100,5879,5.88,8
random,101,5874,5.87,8
random,102,5936,5.94,8
random,103,5948,5.95,8
random,104,6005,6.00,8
random,105,5982,5.98,8
random,106,5914,5.91,8
random,107,6018,6.02,8
random,108,6077,6.08,8
random,109,6108,6.11,8
random,110,6037,6.04,8
random,111,5993,5.99,8
random,112,6059,6.06,8
random,113,6093,6.09,8
random,114,6067,6.07,8
random,115,6129,6.13,8
random,116,6126,6.13,8
random,117,6109,6.11,8
random,118,6129,6.13,8
random,119,6183,6.18,8
random,120,6219,6.22,8
random,121,6151,6.15,8
random,122,6239,6.24,8
random,123,6256,6.26,8
random,124,6282,6.28,8
random,125,6213,6.21,8
random,126,6293,6.29,8
random,127,6272,6.27,8
random,128,6327,6.33,8
random,129,6250,6.25,8
random,130,6261,6.26,8
random,131,6221,6.22,8
random,132,6291,6.29,8
random,133,6248,6.25,8
random,134,6254,6.25,8
random,135,6320,6.32,8
random,136,6300,6.30,8
random,137,6413,6.41,8
random,138,6374,6.37,9
random,139,6413,6.41,9
random,140,6388,6.39,9
random,141,6379,6.38,9
random,142,6391,6.39,9
random,143,6361,6.36,9
random,144,6385,6.38,9
random,145,6436,6.44,9
random,146,6486,6.49,9
random,147,6480,6.48,9
random,148,6529,6.53,9
random,149,6418,6.42,9
random,150,6429,6.43,9
random,151,6586,6.59,9
random,152,6553,6.55,9
random,153,6497,6.50,9
random,154,6529,6.53,9
random,155,6632,6.63,9
random,156,6587,6.59,9
random,157,6590,6.59,9
random,158,6582,6.58,9
random,159,6662,6.66,9
random,160,6652,6.65,9
random,161,6585,6.58,9
random,162,6587,6.59,9
random,163,6653,6.65,9
random,164,6583,6.58,9
random,165,6713,6.71,9
random,166,6696,6.70,9
random,167,6575,6.58,9
random,168,6596,6.60,9
random,169,6676,6.68,9
random,170,6717,6.72,9
random,171,6708,6.71,9
random,172,6738,6.74,9
random,173,6683,6.68,9
random,174,6760,6.76,9
random,175,6737,6.74,9
random,176,6719,6.72,9
random,177,6726,6.73,9
random,178,6813,6.81,9
random,179,6846,6.85,9
random,180,6917,6.92,9
random,181,6700,6.70,9
random,182,6826,6.83,9
random,183,6752,6.75,9
random,184,6838,6.84,9
random,185,6862,6.86,9
random,186,6779,6.78,9
random,187,6828,6.83,9
random,188,6863,6.86,9
random,189,6908,6.91,9
random,190,6867,6.87,9
random,191,6805,6.80,9
random,192,6746,6.75,9
random,193,6815,6.82,9
random,194,6822,6.82,9
random,195,6813,6.81,9
random,196,6825,6.83,9
random,197,6828,6.83,9
random,198,6858,6.86,9
random,199,6827,6.83,9
random,200,6787,6.79,9
random,201,6873,6.87,9
random,202,6970,6.97,9
random,203,6867,6.87,9
random,204,6935,6.93,9
random,205,6871,6.87,9
random,206,6904,6.90,9
random,207,6888,6.89,9
random,208,6908,6.91,9
random,209,6944,6.94,9
random,210,6962,6.96,9
random,211,6927,6.93,9
random,212,6967,6.97,9
random,213,6970,6.97,9
random,214,6912,6.91,9
random,215,6998,7.00,9
random,216,7045,7.04,9
random,217,6991,6.99,9
random,218,6969,6.97,9
random,219,7059,7.06,10
random,220,7058,7.06,10
random,221,6937,6.94,10
random,222,7083,7.08,10
random,223,6996,7.00,10
random,224,7061,7.06,10
random,225,7039,7.04,10
random,226,7025,7.03,10
random,227,7146,7.15,10
random,228,7044,7.04,10
random,229,7067,7.07,10
random,230,7071,7.07,10
random,231,7093,7.09,10
random,232,7077,7.08,10
random,233,7187,7.19,10
random,234,7188,7.19,10
random,235,7191,7.19,10
random,236,7155,7.16,10
random,237,7220,7.22,10
random,238,7181,7.18,10
random,239,7072,7.07,10
random,240,7238,7.24,10
random,241,7180,7.18,10
random,242,7091,7.09,10
random,243,7186,7.19,10
random,244,7213,7.21,10
random,245,7181,7.18,10
random,246,7254,7.25,10
random,247,7143,7.14,10
random,248,7251,7.25,10
random,249,7228,7.23,10
random,250,7244,7.24,10
random,251,7242,7.24,10
random,252,7184,7.18,10
random,253,7240,7.24,10
random,254,7261,7.26,10
random,255,7258,7.26,10
random,256,7267,7.27,10
random,257,7184,7.18,10
random,258,7288,7.29,10
random,259,7261,7.26,10
random,260,7301,7.30,10
random,261,7315,7.32,10
random,262,7222,7.22,10
random,263,7276,7.28,10
random,264,7300,7.30,10
random,265,7370,7.37,10
random,266,7314,7.31,10
random,267,7371,7.37,10
random,268,7391,7.39,10
random,269,7425,7.42,10
random,270,7431,7.43,10
random,271,7385,7.38,10
random,272,7284,7.28,10
random,273,7311,7.31,10
random,274,7355,7.36,10
random,275,7386,7.39,10
random,276,7482,7.48,10
random,277,7339,7.34,10
random,278,7370,7.37,10
random,279,7393,7.39,10
random,280,7394,7.39,10
random,281,7397,7.40,10
random,282,7490,7.49,10
random,283,7418,7.42,10
random,284,7366,7.37,10
random,285,7448,7.45,10
random,286,7480,7.48,10
random,287,7457,7.46,10
random,288,7569,7.57,10
random,289,7477,7.48,10
random,290,7384,7.38,10
random,291,7448,7.45,10
random,292,7423,7.42,10
random,293,7485,7.49,10
random,294,7539,7.54,10
random,295,7415,7.42,10
random,296,7606,7.61,10
random,297,7390,7.39,10
random,298,7407,7.41,10
random,299,7449,7.45,10
random,300,7518,7.52,10
random,301,7505,7.50,10
random,302,7491,7.49,10
random,303,7422,7.42,10
random,304,7542,7.54,10
random,305,7566,7.57,10
random,306,7384,7.38,10
random,307,7495,7.50,10
random,308,7551,7.55,10
random,309,7546,7.55,10
random,310,7561,7.56,10
random,311,7465,7.46,10
random,312,7559,7.56,10
random,313,7567,7.57,10
random,314,7531,7.53,10
random,315,7541,7.54,10
random,316,7464,7.46,10
random,317,7665,7.67,10
random,318,7667,7.67,10
random,319,7559,7.56,10
random,320,7648,7.65,10
random,321,7656,7.66,10
random,322,7610,7.61,10
random,323,7709,7.71,10
random,324,7727,7.73,10
random,325,7615,7.62,10
random,326,7644,7.64,10
random,327,7670,7.67,10
random,328,7655,7.66,10
random,329,7732,7.73,10
random,330,7719,7.72,10
random,331,7682,7.68,10
random,332,7500,7.50,10
random,333,7595,7.59,10
random,334,7720,7.72,10
random,335,7647,7.65,10
random,336,7700,7.70,10
random,337,7678,7.68,10
random,338,7708,7.71,10
random,339,7653,7.65,10
random,340,7687,7.69,10
random,341,7619,7.62,10
random,342,7743,7.74,10
random,343,7714,7.71,10
random,344,7719,7.72,10
random,345,7721,7.72,10
random,346,7776,7.78,10
random,347,7627,7.63,10
random,348,7788,7.79,10
random,349,7758,7.76,10
random,350,7727,7.73,10
random,351,7773,7.77,10
random,352,7785,7.79,10
random,353,7741,7.74,10
random,354,7775,7.78,10
random,355,7770,7.77,10
random,356,7811,7.81,10
random,357,7897,7.90,10
random,358,7740,7.74,10
random,359,7761,7.76,10
random,360,7797,7.80,10
random,361,7802,7.80,10
random,362,7850,7.85,10
random,363,7769,7.77,10
random,364,7753,7.75,10
random,365,7900,7.90,10
random,366,7749,7.75,10
random,367,7840,7.84,10
random,368,7834,7.83,10
random,369,7880,7.88,10
random,370,7887,7.89,10
random,371,7822,7.82,10
random,372,7849,7.85,10
random,373,7872,7.87,10
random,374,7795,7.79,10
random,375,7836,7.84,10
random,376,7806,7.81,10
random,377,7841,7.84,10
random,378,7809,7.81,10
random,379,7910,7.91,10
random,380,7841,7.84,10
random,381,7860,7.86,10
random,382,7894,7.89,10
random,383,7848,7.85,10
random,384,7840,7.84,11
random,385,7898,7.90,11
random,386,7890,7.89,11
random,387,7929,7.93,11
random,388,7947,7.95,11
random,389,7910,7.91,11
random,390,7908,7.91,11
random,391,7908,7.91,11
random,392,7986,7.99,11
random,393,7871,7.87,11
random,394,7932,7.93,11
random,395,7921,7.92,11
random,396,8008,8.01,11
random,397,7953,7.95,11
random,398,7958,7.96,11
random,399,7973,7.97,11
random,400,7994,7.99,11
random,401,7957,7.96,11
random,402,7935,7.93,11
random,403,7936,7.94,11
random,404,7941,7.94,11
random,405,7930,7.93,11
random,406,7997,8.00,11
random,407,7995,8.00,11
random,408,8009,8.01,11
random,409,7954,7.95,11
random,410,7984,7.98,11
random,411,7978,7.98,11
random,412,7993,7.99,11
random,413,8021,8.02,11
random,414,7992,7.99,11
random,415,7938,7.94,11
random,416,7993,7.99,11
random,417,8023,8.02,11
random,418,8053,8.05,11
random,419,7996,8.00,11
random,420,8058,8.06,11
random,421,8074,8.07,11
random,422,8025,8.03,11
random,423,8070,8.07,11
random,424,8061,8.06,11
random,425,8016,8.02,11
random,426,8118,8.12,11
random,427,8001,8.00,11
random,428,8014,8.01,11
random,429,8088,8.09,11
random,430,8067,8.07,11
random,431,8063,8.06,11
random,432,8108,8.11,11
random,433,8029,8.03,11
random,434,8061,8.06,11
random,435,8108,8.11,11
random,436,7990,7.99,11
random,437,8153,8.15,11
random,438,8098,8.10,11
random,439,7950,7.95,11
random,440,8149,8.15,11
random,441,8108,8.11,11
random,442,8189,8.19,11
random,443,8229,8.23,11
random,444,8101,8.10,11
random,445,8116,8.12,11
random,446,8125,8.13,11
random,447,8123,8.12,11
random,448,8116,8.12,11
random,449,8198,8.20,11
random,450,8140,8.14,11
random,451,8184,8.18,11
random,452,8178,8.18,11
random,453,8218,8.22,11
random,454,8028,8.03,11
random,455,8158,8.16,11
random,456,8104,8.10,11
random,457,8179,8.18,11
random,458,8254,8.25,11
random,459,8196,8.20,11
random,460,8143,8.14,11
random,461,8134,8.13,11
random,462,8103,8.10,11
random,463,8231,8.23,11
random,464,8172,8.17,11
random,465,8201,8.20,11
random,466,8204,8.20,11
random,467,8204,8.20,11
random,468,8110,8.11,11
random,469,8184,8.18,11
random,470,8184,8.18,11
random,471,8257,8.26,11
random,472,8235,8.23,11
random,473,8165,8.16,11
random,474,8247,8.25,11
random,475,8140,8.14,11
random,476,8176,8.18,11
random,477,8201,8.20,11
random,478,8259,8.26,11
random,479,8260,8.26,11
random,480,8156,8.16,11
random,481,8269,8.27,11
random,482,8284,8.28,11
random,483,8158,8.16,11
random,484,8214,8.21,11
random,485,8220,8.22,11
random,486,8281,8.28,11
random,487,8229,8.23,11
random,488,8311,8.31,11
random,489,8193,8.19,11
random,490,8314,8.31,11
random,491,8305,8.30,11
random,492,8181,8.18,11
random,493,8307,8.31,11
random,494,8202,8.20,11
random,495,8267,8.27,11
random,496,8232,8.23,11
random,497,8246,8.25,11
random,498,8268,8.27,11
random,499,8291,8.29,11
random,500,8262,8.26,11
random,501,8320,8.32,11
random,502,8299,8.30,11
random,503,8263,8.26,11
random,504,8225,8.22,11
random,505,8320,8.32,11
random,506,8282,8.28,11
random,507,8315,8.31,11
random,508,8297,8.30,11
random,509,8291,8.29,11
random,510,8266,8.27,11
random,511,8326,8.33,11
random,512,8327,8.33,11
random,513,8358,8.36,11
random,514,8364,8.36,11
random,515,8293,8.29,11
random,516,8317,8.32,11
random,517,8358,8.36,11
random,518,8326,8.33,11
random,519,8427,8.43,11
random,520,8329,8.33,11
random,521,8342,8.34,11
random,522,8254,8.25,11
random,523,8415,8.41,11
random,524,8343,8.34,11
random,525,8281,8.28,11
random,526,8319,8.32,11
random,527,8342,8.34,11
random,528,8452,8.45,11
random,529,8396,8.40,11
random,530,8411,8.41,11
random,531,8282,8.28,11
random,532,8406,8.41,11
random,533,8340,8.34,11
random,534,8272,8.27,11
random,535,8477,8.48,11
random,536,8444,8.44,11
random,537,8434,8.43,11
random,538,8403,8.40,11
random,539,8407,8.41,11
random,540,8400,8.40,11
random,541,8387,8.39,11
random,542,8279,8.28,11
random,543,8295,8.29,11
random,544,8448,8.45,11
random,545,8460,8.46,11
random,546,8462,8.46,11
random,547,8406,8.41,11
random,548,8365,8.37,11
random,549,8393,8.39,11
random,550,8430,8.43,11
random,551,8439,8.44,11
random,552,8437,8.44,11
random,553,8396,8.40,11
random,554,8423,8.42,11
random,555,8484,8.48,11
random,556,8586,8.59,11
random,557,8454,8.45,11
random,558,8430,8.43,11
random,559,8427,8.43,11
random,560,8459,8.46,11
random,561,8367,8.37,11
random,562,8467,8.47,11
random,563,8404,8.40,11
random,564,8429,8.43,11
random,565,8458,8.46,11
random,566,8532,8.53,11
random,567,8463,8.46,11
random,568,8485,8.48,11
random,569,8512,8.51,11
random,570,8564,8.56,11
random,571,8449,8.45,11
random,572,8452,8.45,11
random,573,8524,8.52,11
random,574,8372,8.37,11
random,575,8529,8.53,11
random,576,8545,8.54,11
random,577,8490,8.49,11
random,578,8423,8.42,11
random,579,8544,8.54,11
random,580,8584,8.58,11
random,581,8590,8.59,11
random,582,8534,8.53,11
random,583,8575,8.57,11
random,584,8427,8.43,11
random,585,8501,8.50,11
random,586,8630,8.63,11
random,587,8615,8.62,11
random,588,8553,8.55,11
random,589,8619,8.62,11
random,590,8547,8.55,11
random,591,8552,8.55,11
random,592,8543,8.54,11
random,593,8545,8.54,11
random,594,8522,8.52,11
random,595,8436,8.44,11
random,596,8558,8.56,11
random,597,8534,8.53,11
random,598,8514,8.51,11
random,599,8381,8.38,11
random,600,8524,8.52,11
random,601,8476,8.48,11
random,602,8453,8.45,11
random,603,8547,8.55,11
random,604,8560,8.56,11
random,605,8411,8.41,11
random,606,8496,8.50,11
random,607,8575,8.57,11
random,608,8420,8.42,11
random,609,8554,8.55,11
random,610,8505,8.51,11
random,611,8459,8.46,11
random,612,8534,8.53,11
random,613,8513,8.51,11
random,614,8528,8.53,11
random,615,8553,8.55,11
random,616,8575,8.57,11
random,617,8550,8.55,11
random,618,8541,8.54,11
random,619,8553,8.55,11
random,620,8605,8.61,11
random,621,8591,8.59,11
random,622,8540,8.54,11
random,623,8496,8.50,11
random,624,8534,8.53,11
random,625,8586,8.59,11
random,626,8554,8.55,11
random,627,8460,8.46,11
random,628,8447,8.45,11
random,629,8624,8.62,11
random,630,8476,8.48,11
random,631,8496,8.50,11
random,632,8571,8.57,11
random,633,8584,8.58,11
random,634,8528,8.53,11
random,635,8582,8.58,11
random,636,8521,8.52,11
random,637,8545,8.54,11
random,638,8605,8.61,11
random,639,8493,8.49,11
random,640,8540,8.54,11
random,641,8608,8.61,11
random,642,8628,8.63,11
random,643,8570,8.57,11
random,644,8586,8.59,11
random,645,8571,8.57,11
random,646,8544,8.54,11
random,647,8463,8.46,11
random,648,8532,8.53,11
random,649,8610,8.61,11
random,650,8636,8.64,12
random,651,8474,8.47,12
random,652,8571,8.57,12
random,653,8577,8.58,12
random,654,8649,8.65,12
random,655,8626,8.63,12
random,656,8546,8.55,12
random,657,8675,8.68,12
random,658,8504,8.50,12
random,659,8654,8.65,12
random,660,8635,8.63,12
random,661,8609,8.61,12
random,662,8573,8.57,12
random,663,8639,8.64,12
random,664,8604,8.60,12
random,665,8635,8.63,12
random,666,8630,8.63,12
random,667,8693,8.69,12
random,668,8560,8.56,12
random,669,8606,8.61,12
random,670,8675,8.68,12
random,671,8606,8.61,12
random,672,8780,8.78,12
random,673,8625,8.63,12
random,674,8597,8.60,12
random,675,8587,8.59,12
random,676,8579,8.58,12
random,677,8644,8.64,12
random,678,8644,8.64,12
random,679,8740,8.74,12
random,680,8579,8.58,12
random,681,8624,8.62,12
random,682,8659,8.66,12
random,683,8666,8.67,12
random,684,8700,8.70,12
random,685,8651,8.65,12
random,686,8655,8.65,12
random,687,8656,8.66,12
random,688,8632,8.63,12
random,689,8593,8.59,12
random,690,8721,8.72,12
random,691,8715,8.71,12
random,692,8679,8.68,12
random,693,8742,8.74,12
random,694,8516,8.52,12
random,695,8682,8.68,12
random,696,8712,8.71,12
random,697,8771,8.77,12
random,698,8659,8.66,12
random,699,8713,8.71,12
random,700,8747,8.75,12
random,701,8718,8.72,12
random,702,8685,8.69,12
random,703,8670,8.67,12
random,704,8699,8.70,12
random,705,8706,8.71,12
random,706,8746,8.75,12
random,707,8641,8.64,12
random,708,8614,8.61,12
random,709,8729,8.73,12
random,710,8692,8.69,12
random,711,8785,8.79,12
random,712,8752,8.75,12
random,713,8694,8.69,12
random,714,8660,8.66,12
random,715,8701,8.70,12
random,716,8689,8.69,12
random,717,8741,8.74,12
random,718,8718,8.72,12
random,719,8815,8.81,12
random,720,8771,8.77,12
random,721,8770,8.77,12
random,722,8723,8.72,12
random,723,8688,8.69,12
random,724,8756,8.76,12
random,725,8799,8.80,12
random,726,8691,8.69,12
random,727,8715,8.71,12
random,728,8880,8.88,12
random,729,8739,8.74,12
random,730,8812,8.81,12
random,731,8714,8.71,12
random,732,8737,8.74,12
random,733,8738,8.74,12
random,734,8852,8.85,12
random,735,8731,8.73,12
random,736,8742,8.74,12
random,737,8789,8.79,12
random,738,8764,8.76,12
random,739,8765,8.77,12
random,740,8776,8.78,12
random,741,8823,8.82,12
random,742,8813,8.81,12
random,743,8839,8.84,12
random,744,8715,8.71,12
random,745,8664,8.66,12
random,746,8858,8.86,12
random,747,8759,8.76,12
random,748,8842,8.84,12
random,749,8738,8.74,12
random,750,8792,8.79,12
random,751,8820,8.82,12
random,752,8867,8.87,12
random,753,8857,8.86,12
random,754,8846,8.85,12
random,755,8853,8.85,12
random,756,8841,8.84,12
random,757,8821,8.82,12
random,758,8775,8.78,12
random,759,8909,8.91,12
random,760,8918,8.92,12
random,761,8853,8.85,12
random,762,8832,8.83,12
random,763,8882,8.88,12
random,764,8770,8.77,12
random,765,8945,8.95,12
random,766,8890,8.89,12
random,767,8835,8.84,12
random,768,8831,8.83,12
random,769,8827,8.83,12
random,770,8893,8.89,12
random,771,8907,8.91,12
random,772,8890,8.89,12
random,773,8822,8.82,12
random,774,8924,8.92,12
random,775,8832,8.83,12
random,776,8825,8.82,12
random,777,8866,8.87,12
random,778,8875,8.88,12
random,779,8831,8.83,12
random,780,8874,8.87,12
random,781,8844,8.84,12
random,782,8739,8.74,12
random,783,8856,8.86,12
random,784,8790,8.79,12
random,785,8861,8.86,12
random,786,8878,8.88,12
random,787,8808,8.81,12
random,788,8831,8.83,12
random,789,8930,8.93,12
random,790,8800,8.80,12
random,791,8801,8.80,12
random,792,8845,8.85,12
random,793,8920,8.92,12
random,794,8837,8.84,12
random,795,8878,8.88,12
random,796,8921,8.92,12
random,797,8844,8.84,12
random,798,8926,8.93,12
random,799,8895,8.89,12
random,800,9007,9.01,12
random,801,8873,8.87,12
random,802,8858,8.86,12
random,803,8885,8.88,12
random,804,8852,8.85,12
random,805,8872,8.87,12
random,806,8859,8.86,12
random,807,8889,8.89,12
random,808,8795,8.79,12
random,809,8869,8.87,12
random,810,8905,8.90,12
random,811,8951,8.95,12
random,812,8906,8.91,12
random,813,8863,8.86,12
random,814,8917,8.92,12
random,815,9018,9.02,12
random,816,8940,8.94,12
random,817,8867,8.87,12
random,818,8942,8.94,12
random,819,8899,8.90,12
random,820,8873,8.87,12
random,821,8942,8.94,12
random,822,8928,8.93,12
random,823,8920,8.92,12
random,824,9009,9.01,12
random,825,8927,8.93,12
random,826,8953,8.95,12
random,827,9018,9.02,12
random,828,8839,8.84,12
random,829,8937,8.94,12
random,830,8960,8.96,12
random,831,8974,8.97,12
random,832,8959,8.96,12
random,833,8937,8.94,12
random,834,8975,8.97,12
random,835,9025,9.03,12
random,836,8932,8.93,12
random,837,8981,8.98,12
random,838,8862,8.86,12
random,839,8981,8.98,12
random,840,8917,8.92,12
random,841,8897,8.90,12
random,842,9050,9.05,12
random,843,8910,8.91,12
random,844,9014,9.01,12
random,845,8943,8.94,12
random,846,8975,8.97,12
random,847,8944,8.94,12
random,848,8960,8.96,12
random,849,8958,8.96,12
random,850,8942,8.94,12
random,851,8981,8.98,12
random,852,8986,8.99,12
random,853,8958,8.96,12
random,854,8997,9.00,12
random,855,9158,9.16,12
random,856,9039,9.04,12
random,857,8825,8.82,12
random,858,8993,8.99,12
random,859,8976,8.98,12
random,860,8996,9.00,12
random,861,9045,9.04,12
random,862,8974,8.97,12
random,863,9020,9.02,12
random,864,9008,9.01,12
random,865,9121,9.12,12
random,866,9012,9.01,12
random,867,9041,9.04,12
random,868,8984,8.98,12
random,869,8999,9.00,12
random,870,8943,8.94,12
random,871,9112,9.11,12
random,872,8977,8.98,12
random,873,9092,9.09,12
random,874,9066,9.07,12
random,875,9124,9.12,12
random,876,9031,9.03,12
random,877,8989,8.99,12
random,878,9036,9.04,12
random,879,8997,9.00,12
random,880,8948,8.95,12
random,881,9091,9.09,12
random,882,9022,9.02,12
random,883,9061,9.06,12
random,884,9077,9.08,12
random,885,8943,8.94,12
random,886,8982,8.98,12
random,887,8913,8.91,12
random,888,9041,9.04,12
random,889,9058,9.06,12
random,890,9084,9.08,12
random,891,9003,9.00,12
random,892,9064,9.06,12
random,893,9071,9.07,12
random,894,9127,9.13,12
random,895,9108,9.11,12
random,896,9071,9.07,12
random,897,9051,9.05,12
random,898,9071,9.07,12
random,899,9085,9.09,12
random,900,8963,8.96,12
random,901,9112,9.11,12
random,902,9081,9.08,12
random,903,9050,9.05,12
random,904,9126,9.13,12
random,905,9114,9.11,12
random,906,9056,9.06,12
random,907,9055,9.05,12
random,908,9065,9.06,12
random,909,8953,8.95,12
random,910,9090,9.09,12
random,911,9080,9.08,12
random,912,9071,9.07,12
random,913,9050,9.05,12
random,914,9096,9.10,12
random,915,9049,9.05,12
random,916,9003,9.00,12
random,917,9151,9.15,12
random,918,9188,9.19,12
random,919,9174,9.17,12
random,920,9086,9.09,12
random,921,9111,9.11,12
random,922,9046,9.05,12
random,923,9104,9.10,12
random,924,9118,9.12,12
random,925,9103,9.10,12
random,926,9099,9.10,12
random,927,9191,9.19,12
random,928,9102,9.10,12
random,929,9078,9.08,12
random,930,9161,9.16,12
random,931,9079,9.08,12
random,932,9092,9.09,12
random,933,9067,9.07,12
random,934,9028,9.03,12
random,935,9133,9.13,12
random,936,9073,9.07,12
random,937,9088,9.09,12
random,938,9144,9.14,12
random,939,9174,9.17,12
random,940,9137,9.14,12
random,941,9144,9.14,12
random,942,9142,9.14,12
random,943,9152,9.15,12
random,944,9135,9.13,12
random,945,9111,9.11,12
random,946,9124,9.12,12
random,947,9148,9.15,12
random,948,9150,9.15,12
random,949,9114,9.11,12
random,950,9189,9.19,12
random,951,9158,9.16,12
random,952,9091,9.09,12
random,953,9230,9.23,12
random,954,9160,9.16,12
random,955,9082,9.08,12
random,956,9242,9.24,12
random,957,9129,9.13,12
random,958,9009,9.01,12
random,959,9099,9.10,12
random,960,9230,9.23,12
random,961,9126,9.13,12
random,962,9193,9.19,12
random,963,9097,9.10,12
random,964,9208,9.21,12
random,965,9128,9.13,12
random,966,9088,9.09,12
random,967,9202,9.20,12
random,968,9146,9.15,12
random,969,9187,9.19,12
random,970,9148,9.15,12
random,971,9109,9.11,12
random,972,9109,9.11,12
random,973,9177,9.18,12
random,974,9200,9.20,12
random,975,9270,9.27,12
random,976,9185,9.19,12
random,977,9149,9.15,12
random,978,9210,9.21,12
random,979,9211,9.21,12
random,980,9172,9.17,12
random,981,9161,9.16,12
random,982,9182,9.18,12
random,983,9098,9.10,12
random,984,9176,9.18,12
random,985,9249,9.25,12
random,986,9219,9.22,12
random,987,9209,9.21,12
random,988,9231,9.23,12
random,989,9224,9.22,12
random,990,9306,9.31,12
random,991,9140,9.14,12
random,992,9187,9.19,12
random,993,9182,9.18,12
random,994,9120,9.12,12
random,995,9309,9.31,12
random,996,9194,9.19,12
random,997,9203,9.20,12
random,998,9074,9.07,12
random,999,9147,9.15,12
random,1000,9149,9.15,12
sorted,1,1000,1.00,1
sorted,2,1487,1.49,2
sorted,3,1656,1.66,2
sorted,4,1954,1.95,3
sorted,5,2230,2.23,3
sorted,6,2343,2.34,3
sorted,7,2437,2.44,3
sorted,8,2641,2.64,4
sorted,9,2774,2.77,4
sorted,10,2949,2.95,4
sorted,11,2971,2.97,4
sorted,12,3053,3.05,4
sorted,13,3187,3.19,4
sorted,14,3146,3.15,4
sorted,15,3291,3.29,4
sorted,16,3369,3.37,5
sorted,17,3438,3.44,5
sorted,18,3564,3.56,5
sorted,19,3594,3.59,5
sorted,20,3687,3.69,5
sorted,21,3788,3.79,5
sorted,22,3776,3.78,5
sorted,23,3908,3.91,5
sorted,24,3916,3.92,5
sorted,25,3980,3.98,5
sorted,26,4000,4.00,5
sorted,27,4030,4.03,5
sorted,28,4074,4.07,5
sorted,29,4073,4.07,5
sorted,30,4139,4.14,5
sorted,31,4192,4.19,5
sorted,32,4149,4.15,6
sorted,33,4318,4.32,6
sorted,34,4295,4.29,6
sorted,35,4361,4.36,6
sorted,36,4327,4.33,6
sorted,37,4502,4.50,6
sorted,38,4567,4.57,6
sorted,39,4580,4.58,6
sorted,40,4471,4.47,6
sorted,41,4677,4.68,6
sorted,42,4646,4.65,6
sorted,43,4649,4.65,6
sorted,44,4695,4.70,6
sorted,45,4735,4.74,6
sorted,46,4789,4.79,6
sorted,47,4716,4.72,6
sorted,48,4822,4.82,6
sorted,49,4815,4.82,6
sorted,50,4885,4.88,6
sorted,51,4809,4.81,6
sorted,52,4873,4.87,6
sorted,53,4888,4.89,6
sorted,54,5007,5.01,6
sorted,55,4984,4.98,6
sorted,56,5057,5.06,6
sorted,57,5021,5.02,6
sorted,58,5038,5.04,6
sorted,59,5034,5.03,6
sorted,60,4998,5.00,6
sorted,61,5104,5.10,6
sorted,62,5072,5.07,6
sorted,63,5035,5.04,6
sorted,64,5149,5.15,7
sorted,65,5123,5.12,7
sorted,66,5212,5.21,7
sorted,67,5148,5.15,7
sorted,68,5216,5.22,7
sorted,69,5233,5.23,7
sorted,70,5344,5.34,7
sorted,71,5322,5.32,7
sorted,72,5356,5.36,7
sorted,73,5324,5.32,7
sorted,74,5407,5.41,7
sorted,75,5348,5.35,7
sorted,76,5469,5.47,7
sorted,77,5527,5.53,7
sorted,78,5489,5.49,7
sorted,79,5488,5.49,7
sorted,80,5521,5.52,7
sorted,81,5475,5.47,7
sorted,82,5542,5.54,7
sorted,83,5533,5.53,7
sorted,84,5535,5.54,7
sorted,85,5600,5.60,7
sorted,86,5609,5.61,7
sorted,87,5614,5.61,7
sorted,88,5703,5.70,7
sorted,89,5684,5.68,7
sorted,90,5675,5.67,7
sorted,91,5616,5.62,7
sorted,92,5690,5.69,7
sorted,93,5761,5.76,7
sorted,94,5712,5.71,7
sorted,95,5800,5.80,7
sorted,96,5734,5.73,7
sorted,97,5757,5.76,7
sorted,98,5762,5.76,7
sorted,99,5779,5.78,7
sorted,100,5823,5.82,7
sorted,101,5838,5.84,7
sorted,102,5908,5.91,7
sorted,103,5822,5.82,7
sorted,104,5785,5.79,7
sorted,105,5849,5.85,7
sorted,106,5876,5.88,7
sorted,107,5912,5.91,7
sorted,108,5869,5.87,7
sorted,109,5872,5.87,7
sorted,110,5916,5.92,7
sorted,111,5977,5.98,7
sorted,112,5888,5.89,7
sorted,113,5866,5.87,7
sorted,114,5961,5.96,7
sorted,115,6004,6.00,7
sorted,116,5963,5.96,7
sorted,117,6027,6.03,7
sorted,118,6011,6.01,7
sorted,119,6054,6.05,7
sorted,120,6002,6.00,7
sorted,121,5999,6.00,7
sorted,122,6061,6.06,7
sorted,123,5985,5.99,7
sorted,124,6029,6.03,7
sorted,125,6056,6.06,7
sorted,126,6081,6.08,7
sorted,127,6054,6.05,7
sorted,128,6139,6.14,8
sorted,129,6086,6.09,8
sorted,130,6043,6.04,8
sorted,131,6130,6.13,8
sorted,132,6089,6.09,8
sorted,133,6106,6.11,8
sorted,134,6191,6.19,8
sorted,135,6200,6.20,8
sorted,136,6153,6.15,8
sorted,137,6129,6.13,8
sorted,138,6213,6.21,8
sorted,139,6222,6.22,8
sorted,140,6131,6.13,8
sorted,141,6268,6.27,8
sorted,142,6297,6.30,8
sorted,143,6254,6.25,8
sorted,144,6360,6.36,8
sorted,145,6332,6.33,8
sorted,146,6212,6.21,8
sorted,147,6310,6.31,8
sorted,148,6349,6.35,8
sorted,149,6274,6.27,8
sorted,150,6360,6.36,8
sorted,151,6409,6.41,8
sorted,152,6412,6.41,8
sorted,153,6453,6.45,8
sorted,154,6406,6.41,8
sorted,155,6431,6.43,8
sorted,156,6454,6.45,8
sorted,157,6413,6.41,8
sorted,158,6423,6.42,8
sorted,159,6425,6.42,8
sorted,160,6452,6.45,8
sorted,161,6555,6.55,8
sorted,162,6477,6.48,8
sorted,163,6526,6.53,8
sorted,164,6517,6.52,8
sorted,165,6501,6.50,8
sorted,166,6582,6.58,8
sorted,167,6551,6.55,8
sorted,168,6540,6.54,8
sorted,169,6516,6.52,8
sorted,170,6570,6.57,8
sorted,171,6551,6.55,8
sorted,172,6562,6.56,8
sorted,173,6602,6.60,8
sorted,174,6490,6.49,8
sorted,175,6638,6.64,8
sorted,176,6624,6.62,8
sorted,177,6542,6.54,8
sorted,178,6577,6.58,8
sorted,179,6670,6.67,8
sorted,180,6575,6.58,8
sorted,181,6673,6.67,8
sorted,182,6659,6.66,8
sorted,183,6600,6.60,8
sorted,184,6616,6.62,8
sorted,185,6620,6.62,8
sorted,186,6721,6.72,8
sorted,187,6653,6.65,8
sorted,188,6774,6.77,8
sorted,189,6716,6.72,8
sorted,190,6678,6.68,8
sorted,191,6781,6.78,8
sorted,192,6766,6.77,8
sorted,193,6702,6.70,8
sorted,194,6760,6.76,8
sorted,195,6706,6.71,8
sorted,196,6673,6.67,8
sorted,197,6756,6.76,8
sorted,198,6700,6.70,8
sorted,199,6818,6.82,8
sorted,200,6782,6.78,8
sorted,201,6820,6.82,8
sorted,202,6809,6.81,8
sorted,203,6801,6.80,8
sorted,204,6869,6.87,8
sorted,205,6764,6.76,8
sorted,206,6849,6.85,8
sorted,207,6808,6.81,8
sorted,208,6813,6.81,8
sorted,209,6840,6.84,8
sorted,210,6748,6.75,8
sorted,211,6856,6.86,8
sorted,212,6929,6.93,8
sorted,213,6897,6.90,8
sorted,214,6847,6.85,8
sorted,215,6852,6.85,8
sorted,216,6867,6.87,8
sorted,217,6803,6.80,8
sorted,218,6887,6.89,8
sorted,219,6906,6.91,8
sorted,220,6958,6.96,8
sorted,221,6886,6.89,8
sorted,222,6893,6.89,8
sorted,223,6885,6.88,8
sorted,224,6894,6.89,8
sorted,225,6941,6.94,8
sorted,226,6861,6.86,8
sorted,227,6906,6.91,8
sorted,228,6951,6.95,8
sorted,229,6923,6.92,8
sorted,230,6994,6.99,8
sorted,231,6858,6.86,8
sorted,232,6990,6.99,8
sorted,233,7001,7.00,8
sorted,234,6919,6.92,8
sorted,235,6930,6.93,8
sorted,236,6872,6.87,8
sorted,237,6940,6.94,8
sorted,238,6986,6.99,8
sorted,239,6937,6.94,8
sorted,240,7009,7.01,8
sorted,241,7010,7.01,8
sorted,242,6954,6.95,8
sorted,243,7004,7.00,8
sorted,244,6959,6.96,8
sorted,245,7066,7.07,8
sorted,246,7017,7.02,8
sorted,247,6999,7.00,8
sorted,248,7040,7.04,8
sorted,249,6977,6.98,8
sorted,250,6995,7.00,8
sorted,251,7031,7.03,8
sorted,252,7028,7.03,8
sorted,253,7046,7.05,8
sorted,254,7035,7.04,8
sorted,255,7032,7.03,8
sorted,256,6986,6.99,9
sorted,257,7017,7.02,9
sorted,258,7014,7.01,9
sorted,259,7118,7.12,9
sorted,260,7086,7.09,9
sorted,261,7019,7.02,9
sorted,262,7079,7.08,9
sorted,263,7113,7.11,9
sorted,264,7112,7.11,9
sorted,265,7146,7.15,9
sorted,266,7100,7.10,9
sorted,267,7077,7.08,9
sorted,268,7107,7.11,9
sorted,269,7102,7.10,9
sorted,270,7115,7.12,9
sorted,271,7144,7.14,9
sorted,272,7164,7.16,9
sorted,273,7149,7.15,9
sorted,274,7196,7.20,9
sorted,275,7244,7.24,9
sorted,276,7216,7.22,9
sorted,277,7190,7.19,9
sorted,278,7211,7.21,9
sorted,279,7196,7.20,9
sorted,280,7224,7.22,9
sorted,281,7188,7.19,9
sorted,282,7245,7.25,9
sorted,283,7228,7.23,9
sorted,284,7177,7.18,9
sorted,285,7305,7.30,9
sorted,286,7307,7.31,9
sorted,287,7264,7.26,9
sorted,288,7252,7.25,9
sorted,289,7222,7.22,9
sorted,290,7271,7.27,9
sorted,291,7207,7.21,9
sorted,292,7208,7.21,9
sorted,293,7267,7.27,9
sorted,294,7317,7.32,9
sorted,295,7257,7.26,9
sorted,296,7218,7.22,9
sorted,297,7278,7.28,9
sorted,298,7286,7.29,9
sorted,299,7312,7.31,9
sorted,300,7376,7.38,9
sorted,301,7419,7.42,9
sorted,302,7379,7.38,9
sorted,303,7378,7.38,9
sorted,304,7325,7.33,9
sorted,305,7328,7.33,9
sorted,306,7354,7.35,9
sorted,307,7360,7.36,9
sorted,308,7414,7.41,9
sorted,309,7362,7.36,9
sorted,310,7308,7.31,9
sorted,311,7412,7.41,9
sorted,312,7387,7.39,9
sorted,313,7345,7.34,9
sorted,314,7400,7.40,9
sorted,315,7419,7.42,9
sorted,316,7441,7.44,9
sorted,317,7400,7.40,9
sorted,318,7500,7.50,9
sorted,319,7497,7.50,9
sorted,320,7495,7.50,9
sorted,321,7417,7.42,9
sorted,322,7427,7.43,9
sorted,323,7413,7.41,9
sorted,324,7471,7.47,9
sorted,325,7516,7.52,9
sorted,326,7496,7.50,9
sorted,327,7548,7.55,9
sorted,328,7467,7.47,9
sorted,329,7500,7.50,9
sorted,330,7476,7.48,9
sorted,331,7499,7.50,9
sorted,332,7497,7.50,9
sorted,333,7490,7.49,9
sorted,334,7441,7.44,9
sorted,335,7444,7.44,9
sorted,336,7585,7.58,9
sorted,337,7573,7.57,9
sorted,338,7503,7.50,9
sorted,339,7590,7.59,9
sorted,340,7564,7.56,9
sorted,341,7505,7.50,9
sorted,342,7497,7.50,9
sorted,343,7590,7.59,9
sorted,344,7565,7.57,9
sorted,345,7551,7.55,9
sorted,346,7537,7.54,9
sorted,347,7558,7.56,9
sorted,348,7666,7.67,9
sorted,349,7570,7.57,9
sorted,350,7516,7.52,9
sorted,351,7568,7.57,9
sorted,352,7582,7.58,9
sorted,353,7602,7.60,9
sorted,354,7671,7.67,9
sorted,355,7594,7.59,9
sorted,356,7664,7.66,9
sorted,357,7552,7.55,9
sorted,358,7588,7.59,9
sorted,359,7612,7.61,9
sorted,360,7551,7.55,9
sorted,361,7636,7.64,9
sorted,362,7633,7.63,9
sorted,363,7592,7.59,9
sorted,364,7605,7.61,9
sorted,365,7697,7.70,9
sorted,366,7592,7.59,9
sorted,367,7598,7.60,9
sorted,368,7576,7.58,9
sorted,369,7603,7.60,9
sorted,370,7626,7.63,9
sorted,371,7621,7.62,9
sorted,372,7676,7.68,9
sorted,373,7666,7.67,9
sorted,374,7679,7.68,9
sorted,375,7631,7.63,9
sorted,376,7656,7.66,9
sorted,377,7623,7.62,9
sorted,378,7690,7.69,9
sorted,379,7682,7.68,9
sorted,380,7629,7.63,9
sorted,381,7725,7.72,9
sorted,382,7660,7.66,9
sorted,383,7699,7.70,9
sorted,384,7705,7.71,9
sorted,385,7699,7.70,9
sorted,386,7700,7.70,9
sorted,387,7772,7.77,9
sorted,388,7666,7.67,9
sorted,389,7682,7.68,9
sorted,390,7707,7.71,9
sorted,391,7699,7.70,9
sorted,392,7702,7.70,9
sorted,393,7727,7.73,9
sorted,394,7607,7.61,9
sorted,395,7708,7.71,9
sorted,396,7759,7.76,9
sorted,397,7786,7.79,9
sorted,398,7754,7.75,9
sorted,399,7681,7.68,9
sorted,400,7687,7.69,9
sorted,401,7732,7.73,9
sorted,402,7738,7.74,9
sorted,403,7741,7.74,9
sorted,404,7834,7.83,9
sorted,405,7723,7.72,9
sorted,406,7751,7.75,9
sorted,407,7727,7.73,9
sorted,408,7826,7.83,9
sorted,409,7768,7.77,9
sorted,410,7789,7.79,9
sorted,411,7797,7.80,9
sorted,412,7801,7.80,9
sorted,413,7805,7.80,9
sorted,414,7752,7.75,9
sorted,415,7846,7.85,9
sorted,416,7850,7.85,9
sorted,417,7744,7.74,9
sorted,418,7782,7.78,9
sorted,419,7761,7.76,9
sorted,420,7796,7.80,9
sorted,421,7824,7.82,9
sorted,422,7814,7.81,9
sorted,423,7714,7.71,9
sorted,424,7822,7.82,9
sorted,425,7851,7.85,9
sorted,426,7804,7.80,9
sorted,427,7861,7.86,9
sorted,428,7843,7.84,9
sorted,429,7811,7.81,9
sorted,430,7813,7.81,9
sorted,431,7848,7.85,9
sorted,432,7772,7.77,9
sorted,433,7847,7.85,9
sorted,434,7843,7.84,9
sorted,435,7826,7.83,9
sorted,436,7884,7.88,9
sorted,437,7800,7.80,9
sorted,438,7799,7.80,9
sorted,439,7952,7.95,9
sorted,440,7863,7.86,9
sorted,441,7834,7.83,9
sorted,442,7910,7.91,9
sorted,443,7825,7.83,9
sorted,444,7877,7.88,9
sorted,445,7909,7.91,9
sorted,446,7898,7.90,9
sorted,447,7853,7.85,9
sorted,448,7891,7.89,9
sorted,449,7921,7.92,9
sorted,450,7894,7.89,9
sorted,451,7855,7.86,9
sorted,452,7815,7.82,9
sorted,453,7912,7.91,9
sorted,454,7832,7.83,9
sorted,455,7878,7.88,9
sorted,456,7896,7.90,9
sorted,457,7970,7.97,9
sorted,458,7873,7.87,9
sorted,459,7983,7.98,9
sorted,460,7890,7.89,9
sorted,461,7890,7.89,9
sorted,462,7881,7.88,9
sorted,463,7932,7.93,9
sorted,464,7934,7.93,9
sorted,465,7839,7.84,9
sorted,466,7922,7.92,9
sorted,467,7907,7.91,9
sorted,468,7958,7.96,9
sorted,469,7947,7.95,9
sorted,470,7894,7.89,9
sorted,471,7983,7.98,9
sorted,472,7929,7.93,9
sorted,473,7890,7.89,9
sorted,474,7928,7.93,9
sorted,475,8014,8.01,9
sorted,476,7990,7.99,9
sorted,477,7908,7.91,9
sorted,478,7903,7.90,9
sorted,479,7952,7.95,9
sorted,480,7901,7.90,9
sorted,481,7950,7.95,9
sorted,482,7959,7.96,9
sorted,483,8019,8.02,9
sorted,484,7988,7.99,9
sorted,485,7974,7.97,9
sorted,486,7905,7.91,9
sorted,487,7937,7.94,9
sorted,488,7923,7.92,9
sorted,489,7873,7.87,9
sorted,490,7979,7.98,9
sorted,491,7975,7.97,9
sorted,492,7988,7.99,9
sorted,493,7966,7.97,9
sorted,494,7959,7.96,9
sorted,495,7985,7.99,9
sorted,496,7983,7.98,9
sorted,497,8034,8.03,9
sorted,498,8069,8.07,9
sorted,499,8000,8.00,9
sorted,500,8004,8.00,9
sorted,501,8038,8.04,9
sorted,502,7943,7.94,9
sorted,503,7972,7.97,9
sorted,504,7998,8.00,9
sorted,505,8062,8.06,9
sorted,506,8016,8.02,9
sorted,507,8032,8.03,9
sorted,508,7968,7.97,9
sorted,509,7999,8.00,9
sorted,510,8018,8.02,9
sorted,511,8004,8.00,9
sorted,512,8060,8.06,10
sorted,513,8010,8.01,10
sorted,514,8004,8.00,10
sorted,515,8042,8.04,10
sorted,516,8057,8.06,10
sorted,517,8082,8.08,10
sorted,518,8035,8.04,10
sorted,519,8136,8.14,10
sorted,520,7993,7.99,10
sorted,521,8001,8.00,10
sorted,522,8069,8.07,10
sorted,523,8132,8.13,10
sorted,524,8080,8.08,10
sorted,525,8143,8.14,10
sorted,526,8103,8.10,10
sorted,527,8039,8.04,10
sorted,528,8060,8.06,10
sorted,529,8103,8.10,10
sorted,530,8147,8.15,10
sorted,531,8115,8.12,10
sorted,532,8045,8.04,10
sorted,533,8048,8.05,10
sorted,534,8166,8.17,10
sorted,535,8107,8.11,10
sorted,536,8099,8.10,10
sorted,537,8142,8.14,10
sorted,538,8122,8.12,10
sorted,539,8137,8.14,10
sorted,540,8065,8.06,10
sorted,541,8172,8.17,10
sorted,542,8127,8.13,10
sorted,543,8114,8.11,10
sorted,544,8062,8.06,10
sorted,545,8061,8.06,10
sorted,546,8142,8.14,10
sorted,547,8153,8.15,10
sorted,548,8131,8.13,10
sorted,549,8214,8.21,10
sorted,550,8149,8.15,10
sorted,551,8201,8.20,10
sorted,552,8179,8.18,10
sorted,553,8180,8.18,10
sorted,554,8206,8.21,10
sorted,555,8210,8.21,10
sorted,556,8190,8.19,10
sorted,557,8174,8.17,10
sorted,558,8193,8.19,10
sorted,559,8131,8.13,10
sorted,560,8170,8.17,10
sorted,561,8163,8.16,10
sorted,562,8162,8.16,10
sorted,563,8151,8.15,10
sorted,564,8209,8.21,10
sorted,565,8231,8.23,10
sorted,566,8172,8.17,10
sorted,567,8208,8.21,10
sorted,568,8205,8.21,10
sorted,569,8188,8.19,10
sorted,570,8172,8.17,10
sorted,571,8229,8.23,10
sorted,572,8264,8.26,10
sorted,573,8214,8.21,10
sorted,574,8242,8.24,10
sorted,575,8281,8.28,10
sorted,576,8276,8.28,10
sorted,577,8175,8.18,10
sorted,578,8299,8.30,10
sorted,579,8246,8.25,10
sorted,580,8254,8.25,10
sorted,581,8228,8.23,10
sorted,582,8271,8.27,10
sorted,583,8282,8.28,10
sorted,584,8209,8.21,10
sorted,585,8241,8.24,10
sorted,586,8269,8.27,10
sorted,587,8298,8.30,10
sorted,588,8220,8.22,10
sorted,589,8289,8.29,10
sorted,590,8289,8.29,10
sorted,591,8316,8.32,10
sorted,592,8224,8.22,10
sorted,593,8326,8.33,10
sorted,594,8250,8.25,10
sorted,595,8354,8.35,10
sorted,596,8309,8.31,10
sorted,597,8246,8.25,10
sorted,598,8338,8.34,10
sorted,599,8357,8.36,10
sorted,600,8276,8.28,10
sorted,601,8375,8.38,10
sorted,602,8331,8.33,10
sorted,603,8390,8.39,10
sorted,604,8358,8.36,10
sorted,605,8390,8.39,10
sorted,606,8369,8.37,10
sorted,607,8242,8.24,10
sorted,608,8323,8.32,10
sorted,609,8345,8.35,10
sorted,610,8403,8.40,10
sorted,611,8274,8.27,10
sorted,612,8288,8.29,10
sorted,613,8437,8.44,10
sorted,614,8416,8.42,10
sorted,615,8333,8.33,10
sorted,616,8368,8.37,10
sorted,617,8312,8.31,10
sorted,618,8299,8.30,10
sorted,619,8314,8.31,10
sorted,620,8372,8.37,10
sorted,621,8381,8.38,10
sorted,622,8335,8.34,10
sorted,623,8355,8.36,10
sorted,624,8440,8.44,10
sorted,625,8339,8.34,10
sorted,626,8412,8.41,10
sorted,627,8415,8.41,10
sorted,628,8402,8.40,10
sorted,629,8414,8.41,10
sorted,630,8411,8.41,10
sorted,631,8392,8.39,10
sorted,632,8360,8.36,10
sorted,633,8366,8.37,10
sorted,634,8463,8.46,10
sorted,635,8448,8.45,10
sorted,636,8402,8.40,10
sorted,637,8457,8.46,10
sorted,638,8383,8.38,10
sorted,639,8448,8.45,10
sorted,640,8351,8.35,10
sorted,641,8424,8.42,10
sorted,642,8387,8.39,10
sorted,643,8394,8.39,10
sorted,644,8428,8.43,10
sorted,645,8496,8.50,10
sorted,646,8394,8.39,10
sorted,647,8355,8.36,10
sorted,648,8471,8.47,10
sorted,649,8475,8.47,10
sorted,650,8441,8.44,10
sorted,651,8365,8.37,10
sorted,652,8439,8.44,10
sorted,653,8484,8.48,10
sorted,654,8462,8.46,10
sorted,655,8518,8.52,10
sorted,656,8498,8.50,10
sorted,657,8476,8.48,10
sorted,658,8466,8.47,10
sorted,659,8413,8.41,10
sorted,660,8499,8.50,10
sorted,661,8428,8.43,10
sorted,662,8412,8.41,10
sorted,663,8546,8.55,10
sorted,664,8389,8.39,10
sorted,665,8433,8.43,10
sorted,666,8494,8.49,10
sorted,667,8443,8.44,10
sorted,668,8485,8.48,10
sorted,669,8439,8.44,10
sorted,670,8499,8.50,10
sorted,671,8474,8.47,10
sorted,672,8416,8.42,10
sorted,673,8529,8.53,10
sorted,674,8516,8.52,10
sorted,675,8501,8.50,10
sorted,676,8586,8.59,10
sorted,677,8365,8.37,10
sorted,678,8552,8.55,10
sorted,679,8580,8.58,10
sorted,680,8410,8.41,10
sorted,681,8475,8.47,10
sorted,682,8491,8.49,10
sorted,683,8509,8.51,10
sorted,684,8498,8.50,10
sorted,685,8410,8.41,10
sorted,686,8565,8.56,10
sorted,687,8532,8.53,10
sorted,688,8489,8.49,10
sorted,689,8523,8.52,10
sorted,690,8512,8.51,10
sorted,691,8550,8.55,10
sorted,692,8528,8.53,10
sorted,693,8493,8.49,10
sorted,694,8535,8.54,10
sorted,695,8502,8.50,10
sorted,696,8560,8.56,10
sorted,697,8535,8.54,10
sorted,698,8651,8.65,10
sorted,699,8603,8.60,10
sorted,700,8468,8.47,10
sorted,701,8624,8.62,10
sorted,702,8507,8.51,10
sorted,703,8620,8.62,10
sorted,704,8496,8.50,10
sorted,705,8620,8.62,10
sorted,706,8532,8.53,10
sorted,707,8535,8.54,10
sorted,708,8538,8.54,10
sorted,709,8519,8.52,10
sorted,710,8605,8.61,10
sorted,711,8636,8.64,10
sorted,712,8545,8.54,10
sorted,713,8530,8.53,10
sorted,714,8641,8.64,10
sorted,715,8616,8.62,10
sorted,716,8561,8.56,10
sorted,717,8572,8.57,10
sorted,718,8525,8.53,10
sorted,719,8635,8.63,10
sorted,720,8630,8.63,10
sorted,721,8604,8.60,10
sorted,722,8580,8.58,10
sorted,723,8548,8.55,10
sorted,724,8586,8.59,10
sorted,725,8535,8.54,10
sorted,726,8591,8.59,10
sorted,727,8510,8.51,10
sorted,728,8593,8.59,10
sorted,729,8676,8.68,10
sorted,730,8642,8.64,10
sorted,731,8579,8.58,10
sorted,732,8608,8.61,10
sorted,733,8599,8.60,10
sorted,734,8607,8.61,10
sorted,735,8685,8.69,10
sorted,736,8666,8.67,10
sorted,737,8649,8.65,10
sorted,738,8644,8.64,10
sorted,739,8622,8.62,10
sorted,740,8655,8.65,10
sorted,741,8634,8.63,10
sorted,742,8651,8.65,10
sorted,743,8640,8.64,10
sorted,744,8634,8.63,10
sorted,745,8651,8.65,10
sorted,746,8646,8.65,10
sorted,747,8622,8.62,10
sorted,748,8667,8.67,10
sorted,749,8606,8.61,10
sorted,750,8686,8.69,10
sorted,751,8588,8.59,10
sorted,752,8649,8.65,10
sorted,753,8706,8.71,10
sorted,754,8740,8.74,10
sorted,755,8696,8.70,10
sorted,756,8726,8.73,10
sorted,757,8706,8.71,10
sorted,758,8749,8.75,10
sorted,759,8670,8.67,10
sorted,760,8655,8.65,10
sorted,761,8642,8.64,10
sorted,762,8641,8.64,10
sorted,763,8716,8.72,10
sorted,764,8694,8.69,10
sorted,765,8683,8.68,10
sorted,766,8684,8.68,10
sorted,767,8658,8.66,10
sorted,768,8593,8.59,10
sorted,769,8736,8.74,10
sorted,770,8644,8.64,10
sorted,771,8647,8.65,10
sorted,772,8722,8.72,10
sorted,773,8597,8.60,10
sorted,774,8644,8.64,10
sorted,775,8711,8.71,10
sorted,776,8771,8.77,10
sorted,777,8706,8.71,10
sorted,778,8786,8.79,10
sorted,779,8782,8.78,10
sorted,780,8697,8.70,10
sorted,781,8704,8.70,10
sorted,782,8718,8.72,10
sorted,783,8702,8.70,10
sorted,784,8703,8.70,10
sorted,785,8660,8.66,10
sorted,786,8716,8.72,10
sorted,787,8622,8.62,10
sorted,788,8713,8.71,10
sorted,789,8636,8.64,10
sorted,790,8737,8.74,10
sorted,791,8787,8.79,10
sorted,792,8780,8.78,10
sorted,793,8751,8.75,10
sorted,794,8742,8.74,10
sorted,795,8631,8.63,10
sorted,796,8723,8.72,10
sorted,797,8728,8.73,10
sorted,798,8665,8.66,10
sorted,799,8744,8.74,10
sorted,800,8653,8.65,10
sorted,801,8737,8.74,10
sorted,802,8702,8.70,10
sorted,803,8637,8.64,10
sorted,804,8726,8.73,10
sorted,805,8741,8.74,10
sorted,806,8758,8.76,10
sorted,807,8663,8.66,10
sorted,808,8666,8.67,10
sorted,809,8768,8.77,10
sorted,810,8718,8.72,10
sorted,811,8816,8.82,10
sorted,812,8748,8.75,10
sorted,813,8696,8.70,10
sorted,814,8665,8.66,10
sorted,815,8767,8.77,10
sorted,816,8783,8.78,10
sorted,817,8786,8.79,10
sorted,818,8732,8.73,10
sorted,819,8755,8.76,10
sorted,820,8714,8.71,10
sorted,821,8788,8.79,10
sorted,822,8836,8.84,10
sorted,823,8686,8.69,10
sorted,824,8792,8.79,10
sorted,825,8708,8.71,10
sorted,826,8808,8.81,10
sorted,827,8784,8.78,10
sorted,828,8764,8.76,10
sorted,829,8756,8.76,10
sorted,830,8783,8.78,10
sorted,831,8845,8.85,10
sorted,832,8802,8.80,10
sorted,833,8770,8.77,10
sorted,834,8699,8.70,10
sorted,835,8751,8.75,10
sorted,836,8731,8.73,10
sorted,837,8816,8.82,10
sorted,838,8890,8.89,10
sorted,839,8795,8.79,10
sorted,840,8825,8.82,10
sorted,841,8783,8.78,10
sorted,842,8786,8.79,10
sorted,843,8827,8.83,10
sorted,844,8786,8.79,10
sorted,845,8876,8.88,10
sorted,846,8815,8.81,10
sorted,847,8805,8.80,10
sorted,848,8812,8.81,10
sorted,849,8843,8.84,10
sorted,850,8907,8.91,10
sorted,851,8805,8.80,10
sorted,852,8812,8.81,10
sorted,853,8735,8.73,10
sorted,854,8829,8.83,10
sorted,855,8842,8.84,10
sorted,856,8850,8.85,10
sorted,857,8916,8.92,10
sorted,858,8744,8.74,10
sorted,859,8837,8.84,10
sorted,860,8794,8.79,10
sorted,861,8837,8.84,10
sorted,862,8769,8.77,10
sorted,863,8870,8.87,10
sorted,864,8794,8.79,10
sorted,865,8854,8.85,10
sorted,866,8824,8.82,10
sorted,867,8804,8.80,10
sorted,868,8839,8.84,10
sorted,869,8815,8.81,10
sorted,870,8877,8.88,10
sorted,871,8906,8.91,10
sorted,872,8810,8.81,10
sorted,873,8817,8.82,10
sorted,874,8824,8.82,10
sorted,875,8772,8.77,10
sorted,876,8845,8.85,10
sorted,877,8827,8.83,10
sorted,878,8866,8.87,10
sorted,879,8922,8.92,10
sorted,880,8765,8.77,10
sorted,881,8890,8.89,10
sorted,882,8818,8.82,10
sorted,883,8934,8.93,10
sorted,884,8850,8.85,10
sorted,885,8826,8.83,10
sorted,886,8891,8.89,10
sorted,887,8797,8.80,10
sorted,888,8866,8.87,10
sorted,889,8843,8.84,10
sorted,890,8856,8.86,10
sorted,891,8881,8.88,10
sorted,892,8941,8.94,10
sorted,893,8842,8.84,10
sorted,894,8851,8.85,10
sorted,895,8852,8.85,10
sorted,896,8866,8.87,10
sorted,897,8876,8.88,10
sorted,898,8913,8.91,10
sorted,899,8828,8.83,10
sorted,900,8869,8.87,10
sorted,901,8846,8.85,10
sorted,902,8848,8.85,10
sorted,903,8755,8.76,10
sorted,904,8842,8.84,10
sorted,905,8890,8.89,10
sorted,906,8855,8.86,10
sorted,907,8835,8.84,10
sorted,908,8935,8.94,10
sorted,909,8858,8.86,10
sorted,910,8914,8.91,10
sorted,911,8965,8.96,10
sorted,912,8932,8.93,10
sorted,913,8925,8.93,10
sorted,914,8874,8.87,10
sorted,915,8849,8.85,10
sorted,916,8911,8.91,10
sorted,917,8859,8.86,10
sorted,918,8863,8.86,10
sorted,919,8927,8.93,10
sorted,920,8935,8.94,10
sorted,921,8946,8.95,10
sorted,922,8908,8.91,10
sorted,923,8918,8.92,10
sorted,924,8925,8.93,10
sorted,925,8972,8.97,10
sorted,926,8916,8.92,10
sorted,927,8828,8.83,10
sorted,928,8905,8.90,10
sorted,929,8892,8.89,10
sorted,930,8886,8.89,10
sorted,931,8982,8.98,10
sorted,932,8835,8.84,10
sorted,933,8968,8.97,10
sorted,934,8901,8.90,10
sorted,935,8970,8.97,10
sorted,936,8864,8.86,10
sorted,937,8911,8.91,10
sorted,938,8960,8.96,10
sorted,939,8866,8.87,10
sorted,940,8962,8.96,10
sorted,941,8940,8.94,10
sorted,942,8945,8.95,10
sorted,943,9001,9.00,10
sorted,944,8858,8.86,10
sorted,945,8896,8.90,10
sorted,946,8970,8.97,10
sorted,947,8934,8.93,10
sorted,948,8882,8.88,10
sorted,949,9024,9.02,10
sorted,950,8886,8.89,10
sorted,951,9018,9.02,10
sorted,952,8924,8.92,10
sorted,953,8886,8.89,10
sorted,954,8923,8.92,10
sorted,955,8919,8.92,10
sorted,956,8970,8.97,10
sorted,957,8973,8.97,10
sorted,958,9025,9.03,10
sorted,959,8957,8.96,10
sorted,960,9044,9.04,10
sorted,961,8918,8.92,10
sorted,962,8938,8.94,10
sorted,963,8943,8.94,10
sorted,964,8965,8.96,10
sorted,965,8977,8.98,10
sorted,966,8991,8.99,10
sorted,967,8921,8.92,10
sorted,968,8977,8.98,10
sorted,969,8948,8.95,10
sorted,970,8951,8.95,10
sorted,971,8938,8.94,10
sorted,972,8951,8.95,10
sorted,973,8974,8.97,10
sorted,974,8940,8.94,10
sorted,975,8919,8.92,10
sorted,976,8891,8.89,10
sorted,977,8891,8.89,10
sorted,978,8968,8.97,10
sorted,979,8929,8.93,10
sorted,980,8948,8.95,10
sorted,981,8968,8.97,10
sorted,982,8917,8.92,10
sorted,983,8975,8.97,10
sorted,984,8954,8.95,10
sorted,985,8940,8.94,10
sorted,986,8959,8.96,10
sorted,987,8929,8.93,10
sorted,988,8946,8.95,10
sorted,989,8976,8.98,10
sorted,990,8945,8.95,10
sorted,991,8958,8.96,10
sorted,992,8965,8.96,10
sorted,993,8996,9.00,10
sorted,994,8975,8.97,10
sorted,995,8911,8.91,10
sorted,996,9038,9.04,10
sorted,997,9015,9.02,10
sorted,998,8964,8.96,10
sorted,999,9031,9.03,10
sorted,1000,8968,8.97,10
reverse,1,1000,1.00,1
reverse,2,1500,1.50,2
reverse,3,1668,1.67,2
reverse,4,1978,1.98,3
reverse,5,2211,2.21,3
reverse,6,2321,2.32,3
reverse,7,2413,2.41,3
reverse,8,2650,2.65,4
reverse,9,2793,2.79,4
reverse,10,2893,2.89,4
reverse,11,3054,3.05,4
reverse,12,3113,3.11,4
reverse,13,3177,3.18,4
reverse,14,3210,3.21,4
reverse,15,3292,3.29,4
reverse,16,3386,3.39,5
reverse,17,3388,3.39,5
reverse,18,3538,3.54,5
reverse,19,3592,3.59,5
reverse,20,3698,3.70,5
reverse,21,3689,3.69,5
reverse,22,3820,3.82,5
reverse,23,3888,3.89,5
reverse,24,3937,3.94,5
reverse,25,3966,3.97,5
reverse,26,4018,4.02,5
reverse,27,4073,4.07,5
reverse,28,4020,4.02,5
reverse,29,4063,4.06,5
reverse,30,4115,4.12,5
reverse,31,4186,4.19,5
reverse,32,4159,4.16,6
reverse,33,4282,4.28,6
reverse,34,4358,4.36,6
reverse,35,4336,4.34,6
reverse,36,4388,4.39,6
reverse,37,4474,4.47,6
reverse,38,4499,4.50,6
reverse,39,4523,4.52,6
reverse,40,4544,4.54,6
reverse,41,4520,4.52,6
reverse,42,4627,4.63,6
reverse,43,4624,4.62,6
reverse,44,4639,4.64,6
reverse,45,4766,4.77,6
reverse,46,4733,4.73,6
reverse,47,4742,4.74,6
reverse,48,4842,4.84,6
reverse,49,4852,4.85,6
reverse,50,4830,4.83,6
reverse,51,4907,4.91,6
reverse,52,4923,4.92,6
reverse,53,4919,4.92,6
reverse,54,4932,4.93,6
reverse,55,4946,4.95,6
reverse,56,5015,5.01,6
reverse,57,4997,5.00,6
reverse,58,5002,5.00,6
reverse,59,5028,5.03,6
reverse,60,5098,5.10,6
reverse,61,5067,5.07,6
reverse,62,5061,5.06,6
reverse,63,5121,5.12,6
reverse,64,5036,5.04,7
reverse,65,5200,5.20,7
reverse,66,5199,5.20,7
reverse,67,5202,5.20,7
reverse,68,5315,5.32,7
reverse,69,5344,5.34,7
reverse,70,5261,5.26,7
reverse,71,5317,5.32,7
reverse,72,5341,5.34,7
reverse,73,5362,5.36,7
reverse,74,5389,5.39,7
reverse,75,5353,5.35,7
reverse,76,5391,5.39,7
reverse,77,5464,5.46,7
reverse,78,5439,5.44,7
reverse,79,5510,5.51,7
reverse,80,5455,5.46,7
reverse,81,5579,5.58,7
reverse,82,5527,5.53,7
reverse,83,5558,5.56,7
reverse,84,5570,5.57,7
reverse,85,5588,5.59,7
reverse,86,5589,5.59,7
reverse,87,5559,5.56,7
reverse,88,5618,5.62,7
reverse,89,5623,5.62,7
reverse,90,5694,5.69,7
reverse,91,5649,5.65,7
reverse,92,5719,5.72,7
reverse,93,5699,5.70,7
reverse,94,5768,5.77,7
reverse,95,5722,5.72,7
reverse,96,5729,5.73,7
reverse,97,5775,5.78,7
reverse,98,5767,5.77,7
reverse,99,5823,5.82,7
reverse,100,5821,5.82,7
reverse,101,5780,5.78,7
reverse,102,5781,5.78,7
reverse,103,5871,5.87,7
reverse,104,5757,5.76,7
reverse,105,5910,5.91,7
reverse,106,5910,5.91,7
reverse,107,5867,5.87,7
reverse,108,5926,5.93,7
reverse,109,5880,5.88,7
reverse,110,5815,5.82,7
reverse,111,5881,5.88,7
reverse,112,5901,5.90,7
reverse,113,5986,5.99,7
reverse,114,5973,5.97,7
reverse,115,5928,5.93,7
reverse,116,5972,5.97,7
reverse,117,5981,5.98,7
reverse,118,5991,5.99,7
reverse,119,5949,5.95,7
reverse,120,5979,5.98,7
reverse,121,5996,6.00,7
reverse,122,6029,6.03,7
reverse,123,6038,6.04,7
reverse,124,6144,6.14,7
reverse,125,6086,6.09,7
reverse,126,6074,6.07,7
reverse,127,6066,6.07,7
reverse,128,6098,6.10,8
reverse,129,6091,6.09,8
reverse,130,6047,6.05,8
reverse,131,6006,6.01,8
reverse,132,6165,6.17,8
reverse,133,6088,6.09,8
reverse,134,6143,6.14,8
reverse,135,6129,6.13,8
reverse,136,6183,6.18,8
reverse,137,6224,6.22,8
reverse,138,6182,6.18,8
reverse,139,6189,6.19,8
reverse,140,6157,6.16,8
reverse,141,6342,6.34,8
reverse,142,6289,6.29,8
reverse,143,6217,6.22,8
reverse,144,6317,6.32,8
reverse,145,6342,6.34,8
reverse,146,6281,6.28,8
reverse,147,6321,6.32,8
reverse,148,6355,6.36,8
reverse,149,6408,6.41,8
reverse,150,6406,6.41,8
reverse,151,6334,6.33,8
reverse,152,6468,6.47,8
reverse,153,6334,6.33,8
reverse,154,6425,6.42,8
reverse,155,6425,6.42,8
reverse,156,6466,6.47,8
reverse,157,6426,6.43,8
reverse,158,6371,6.37,8
reverse,159,6490,6.49,8
reverse,160,6448,6.45,8
reverse,161,6452,6.45,8
reverse,162,6462,6.46,8
reverse,163,6535,6.54,8
reverse,164,6512,6.51,8
reverse,165,6398,6.40,8
reverse,166,6601,6.60,8
reverse,167,6448,6.45,8
reverse,168,6589,6.59,8
reverse,169,6570,6.57,8
reverse,170,6542,6.54,8
reverse,171,6512,6.51,8
reverse,172,6602,6.60,8
reverse,173,6607,6.61,8
reverse,174,6615,6.62,8
reverse,175,6610,6.61,8
reverse,176,6547,6.55,8
reverse,177,6600,6.60,8
reverse,178,6652,6.65,8
reverse,179,6604,6.60,8
reverse,180,6662,6.66,8
reverse,181,6660,6.66,8
reverse,182,6683,6.68,8
reverse,183,6665,6.67,8
reverse,184,6624,6.62,8
reverse,185,6720,6.72,8
reverse,186,6692,6.69,8
reverse,187,6701,6.70,8
reverse,188,6628,6.63,8
reverse,189,6699,6.70,8
reverse,190,6754,6.75,8
reverse,191,6658,6.66,8
reverse,192,6725,6.72,8
reverse,193,6778,6.78,8
reverse,194,6740,6.74,8
reverse,195,6685,6.68,8
reverse,196,6764,6.76,8
reverse,197,6726,6.73,8
reverse,198,6715,6.71,8
reverse,199,6801,6.80,8
reverse,200,6822,6.82,8
reverse,201,6858,6.86,8
reverse,202,6760,6.76,8
reverse,203,6769,6.77,8
reverse,204,6790,6.79,8
reverse,205,6763,6.76,8
reverse,206,6825,6.83,8
reverse,207,6771,6.77,8
reverse,208,6812,6.81,8
reverse,209,6828,6.83,8
reverse,210,6824,6.82,8
reverse,211,6794,6.79,8
reverse,212,6867,6.87,8
reverse,213,6893,6.89,8
reverse,214,6861,6.86,8
reverse,215,6902,6.90,8
reverse,216,6871,6.87,8
reverse,217,6834,6.83,8
reverse,218,6888,6.89,8
reverse,219,6891,6.89,8
reverse,220,6822,6.82,8
reverse,221,6872,6.87,8
reverse,222,6918,6.92,8
reverse,223,6928,6.93,8
reverse,224,6895,6.89,8
reverse,225,6989,6.99,8
reverse,226,6812,6.81,8
reverse,227,6932,6.93,8
reverse,228,6942,6.94,8
reverse,229,6923,6.92,8
reverse,230,6976,6.98,8
reverse,231,6894,6.89,8
reverse,232,6932,6.93,8
reverse,233,6913,6.91,8
reverse,234,6898,6.90,8
reverse,235,7002,7.00,8
reverse,236,7008,7.01,8
reverse,237,6959,6.96,8
reverse,238,7005,7.00,8
reverse,239,6979,6.98,8
reverse,240,6965,6.96,8
reverse,241,7001,7.00,8
reverse,242,7015,7.01,8
reverse,243,6963,6.96,8
reverse,244,7073,7.07,8
reverse,245,6932,6.93,8
reverse,246,7031,7.03,8
reverse,247,6969,6.97,8
reverse,248,6912,6.91,8
reverse,249,6977,6.98,8
reverse,250,7006,7.01,8
reverse,251,7051,7.05,8
reverse,252,7060,7.06,8
reverse,253,7094,7.09,8
reverse,254,7084,7.08,8
reverse,255,7071,7.07,8
reverse,256,7085,7.08,9
reverse,257,7086,7.09,9
reverse,258,7011,7.01,9
reverse,259,7042,7.04,9
reverse,260,7069,7.07,9
reverse,261,7021,7.02,9
reverse,262,7114,7.11,9
reverse,263,7043,7.04,9
reverse,264,7137,7.14,9
reverse,265,7014,7.01,9
reverse,266,7176,7.18,9
reverse,267,7171,7.17,9
reverse,268,7095,7.09,9
reverse,269,7195,7.20,9
reverse,270,7137,7.14,9
reverse,271,7109,7.11,9
reverse,272,7145,7.14,9
reverse,273,7031,7.03,9
reverse,274,7220,7.22,9
reverse,275,7183,7.18,9
reverse,276,7188,7.19,9
reverse,277,7212,7.21,9
reverse,278,7218,7.22,9
reverse,279,7173,7.17,9
reverse,280,7225,7.22,9
reverse,281,7179,7.18,9
reverse,282,7216,7.22,9
reverse,283,7126,7.13,9
reverse,284,7286,7.29,9
reverse,285,7242,7.24,9
reverse,286,7251,7.25,9
reverse,287,7269,7.27,9
reverse,288,7223,7.22,9
reverse,289,7312,7.31,9
reverse,290,7297,7.30,9
reverse,291,7335,7.33,9
reverse,292,7329,7.33,9
reverse,293,7276,7.28,9
reverse,294,7330,7.33,9
reverse,295,7262,7.26,9
reverse,296,7303,7.30,9
reverse,297,7346,7.35,9
reverse,298,7366,7.37,9
reverse,299,7303,7.30,9
reverse,300,7333,7.33,9
reverse,301,7326,7.33,9
reverse,302,7426,7.43,9
reverse,303,7309,7.31,9
reverse,304,7311,7.31,9
reverse,305,7320,7.32,9
reverse,306,7395,7.39,9
reverse,307,7283,7.28,9
reverse,308,7336,7.34,9
reverse,309,7364,7.36,9
reverse,310,7367,7.37,9
reverse,311,7403,7.40,9
reverse,312,7478,7.48,9
reverse,313,7400,7.40,9
reverse,314,7377,7.38,9
reverse,315,7452,7.45,9
reverse,316,7438,7.44,9
reverse,317,7461,7.46,9
reverse,318,7355,7.36,9
reverse,319,7398,7.40,9
reverse,320,7464,7.46,9
reverse,321,7506,7.51,9
reverse,322,7358,7.36,9
reverse,323,7414,7.41,9
reverse,324,7460,7.46,9
reverse,325,7461,7.46,9
reverse,326,7453,7.45,9
reverse,327,7374,7.37,9
reverse,328,7395,7.39,9
reverse,329,7399,7.40,9
reverse,330,7488,7.49,9
reverse,331,7505,7.50,9
reverse,332,7496,7.50,9
reverse,333,7541,7.54,9
reverse,334,7421,7.42,9
reverse,335,7466,7.47,9
reverse,336,7565,7.57,9
reverse,337,7504,7.50,9
reverse,338,7498,7.50,9
reverse,339,7522,7.52,9
reverse,340,7542,7.54,9
reverse,341,7470,7.47,9
reverse,342,7521,7.52,9
reverse,343,7522,7.52,9
reverse,344,7536,7.54,9
reverse,345,7552,7.55,9
reverse,346,7608,7.61,9
reverse,347,7670,7.67,9
reverse,348,7585,7.58,9
reverse,349,7542,7.54,9
reverse,350,7584,7.58,9
reverse,351,7541,7.54,9
reverse,352,7538,7.54,9
reverse,353,7523,7.52,9
reverse,354,7559,7.56,9
reverse,355,7572,7.57,9
reverse,356,7581,7.58,9
reverse,357,7533,7.53,9
reverse,358,7507,7.51,9
reverse,359,7556,7.56,9
reverse,360,7547,7.55,9
reverse,361,7610,7.61,9
reverse,362,7610,7.61,9
reverse,363,7606,7.61,9
reverse,364,7547,7.55,9
reverse,365,7717,7.72,9
reverse,366,7677,7.68,9
reverse,367,7641,7.64,9
reverse,368,7598,7.60,9
reverse,369,7664,7.66,9
reverse,370,7629,7.63,9
reverse,371,7706,7.71,9
reverse,372,7700,7.70,9
reverse,373,7649,7.65,9
reverse,374,7696,7.70,9
reverse,375,7684,7.68,9
reverse,376,7571,7.57,9
reverse,377,7645,7.64,9
reverse,378,7596,7.60,9
reverse,379,7638,7.64,9
reverse,380,7720,7.72,9
reverse,381,7691,7.69,9
reverse,382,7686,7.69,9
reverse,383,7729,7.73,9
reverse,384,7676,7.68,9
reverse,385,7796,7.80,9
reverse,386,7681,7.68,9
reverse,387,7724,7.72,9
reverse,388,7732,7.73,9
reverse,389,7725,7.72,9
reverse,390,7737,7.74,9
reverse,391,7770,7.77,9
reverse,392,7736,7.74,9
reverse,393,7783,7.78,9
reverse,394,7706,7.71,9
reverse,395,7696,7.70,9
reverse,396,7718,7.72,9
reverse,397,7802,7.80,9
reverse,398,7791,7.79,9
reverse,399,7706,7.71,9
reverse,400,7741,7.74,9
reverse,401,7777,7.78,9
reverse,402,7659,7.66,9
reverse,403,7812,7.81,9
reverse,404,7771,7.77,9
reverse,405,7750,7.75,9
reverse,406,7749,7.75,9
reverse,407,7817,7.82,9
reverse,408,7808,7.81,9
reverse,409,7827,7.83,9
reverse,410,7667,7.67,9
reverse,411,7828,7.83,9
reverse,412,7834,7.83,9
reverse,413,7835,7.83,9
reverse,414,7756,7.76,9
reverse,415,7843,7.84,9
reverse,416,7877,7.88,9
reverse,417,7777,7.78,9
reverse,418,7868,7.87,9
reverse,419,7760,7.76,9
reverse,420,7853,7.85,9
reverse,421,7857,7.86,9
reverse,422,7841,7.84,9
reverse,423,7778,7.78,9
reverse,424,7832,7.83,9
reverse,425,7841,7.84,9
reverse,426,7852,7.85,9
reverse,427,7865,7.87,9
reverse,428,7855,7.86,9
reverse,429,7818,7.82,9
reverse,430,7800,7.80,9
reverse,431,7849,7.85,9
reverse,432,7876,7.88,9
reverse,433,7777,7.78,9
reverse,434,7795,7.79,9
reverse,435,7861,7.86,9
reverse,436,7802,7.80,9
reverse,437,7867,7.87,9
reverse,438,7886,7.89,9
reverse,439,7898,7.90,9
reverse,440,7835,7.83,9
reverse,441,7876,7.88,9
reverse,442,7826,7.83,9
reverse,443,7885,7.88,9
reverse,444,7811,7.81,9
reverse,445,7900,7.90,9
reverse,446,7830,7.83,9
reverse,447,7742,7.74,9
reverse,448,7813,7.81,9
reverse,449,7922,7.92,9
reverse,450,7863,7.86,9
reverse,451,7838,7.84,9
reverse,452,7836,7.84,9
reverse,453,7815,7.82,9
reverse,454,7908,7.91,9
reverse,455,7890,7.89,9
reverse,456,7931,7.93,9
reverse,457,7915,7.92,9
reverse,458,7915,7.92,9
reverse,459,7879,7.88,9
reverse,460,7888,7.89,9
reverse,461,7967,7.97,9
reverse,462,7902,7.90,9
reverse,463,7889,7.89,9
reverse,464,7903,7.90,9
reverse,465,7856,7.86,9
reverse,466,7997,8.00,9
reverse,467,7848,7.85,9
reverse,468,7941,7.94,9
reverse,469,7965,7.96,9
reverse,470,7920,7.92,9
reverse,471,7925,7.92,9
reverse,472,7888,7.89,9
reverse,473,7917,7.92,9
reverse,474,7894,7.89,9
reverse,475,7990,7.99,9
reverse,476,8023,8.02,9
reverse,477,7853,7.85,9
reverse,478,7971,7.97,9
reverse,479,7962,7.96,9
reverse,480,7938,7.94,9
reverse,481,7905,7.91,9
reverse,482,7941,7.94,9
reverse,483,7926,7.93,9
reverse,484,7934,7.93,9
reverse,485,7962,7.96,9
reverse,486,7973,7.97,9
reverse,487,7986,7.99,9
reverse,488,7960,7.96,9
reverse,489,7935,7.93,9
reverse,490,7921,7.92,9
reverse,491,7912,7.91,9
reverse,492,7990,7.99,9
reverse,493,7977,7.98,9
reverse,494,7993,7.99,9
reverse,495,7979,7.98,9
reverse,496,8035,8.04,9
reverse,497,7937,7.94,9
reverse,498,7942,7.94,9
reverse,499,7968,7.97,9
reverse,500,8002,8.00,9
reverse,501,8032,8.03,9
reverse,502,8074,8.07,9
reverse,503,7996,8.00,9
reverse,504,8140,8.14,9
reverse,505,7966,7.97,9
reverse,506,7899,7.90,9
reverse,507,8068,8.07,9
reverse,508,8015,8.02,9
reverse,509,8062,8.06,9
reverse,510,7973,7.97,9
reverse,511,8085,8.09,9
reverse,512,8061,8.06,10
reverse,513,7967,7.97,10
reverse,514,8085,8.09,10
reverse,515,8095,8.10,10
reverse,516,8008,8.01,10
reverse,517,8008,8.01,10
reverse,518,8057,8.06,10
reverse,519,8064,8.06,10
reverse,520,8122,8.12,10
reverse,521,7986,7.99,10
reverse,522,7948,7.95,10
reverse,523,8059,8.06,10
reverse,524,8106,8.11,10
reverse,525,8090,8.09,10
reverse,526,8096,8.10,10
reverse,527,8106,8.11,10
reverse,528,8028,8.03,10
reverse,529,8159,8.16,10
reverse,530,8065,8.06,10
reverse,531,8127,8.13,10
reverse,532,8010,8.01,10
reverse,533,8081,8.08,10
reverse,534,8075,8.07,10
reverse,535,8102,8.10,10
reverse,536,8086,8.09,10
reverse,537,8085,8.09,10
reverse,538,8183,8.18,10
reverse,539,8111,8.11,10
reverse,540,8068,8.07,10
reverse,541,8149,8.15,10
reverse,542,8110,8.11,10
reverse,543,8169,8.17,10
reverse,544,8125,8.13,10
reverse,545,8168,8.17,10
reverse,546,8062,8.06,10
reverse,547,8217,8.22,10
reverse,548,8189,8.19,10
reverse,549,8206,8.21,10
reverse,550,8134,8.13,10
reverse,551,8072,8.07,10
reverse,552,8189,8.19,10
reverse,553,8146,8.15,10
reverse,554,8182,8.18,10
reverse,555,8226,8.23,10
reverse,556,8178,8.18,10
reverse,557,8151,8.15,10
reverse,558,8204,8.20,10
reverse,559,8209,8.21,10
reverse,560,8131,8.13,10
reverse,561,8217,8.22,10
reverse,562,8168,8.17,10
reverse,563,8253,8.25,10
reverse,564,8203,8.20,10
reverse,565,8178,8.18,10
reverse,566,8296,8.30,10
reverse,567,8149,8.15,10
reverse,568,8200,8.20,10
reverse,569,8181,8.18,10
reverse,570,8256,8.26,10
reverse,571,8184,8.18,10
reverse,572,8293,8.29,10
reverse,573,8281,8.28,10
reverse,574,8228,8.23,10
reverse,575,8311,8.31,10
reverse,576,8270,8.27,10
reverse,577,8266,8.27,10
reverse,578,8324,8.32,10
reverse,579,8354,8.35,10
reverse,580,8285,8.29,10
reverse,581,8318,8.32,10
reverse,582,8284,8.28,10
reverse,583,8235,8.23,10
reverse,584,8353,8.35,10
reverse,585,8279,8.28,10
reverse,586,8254,8.25,10
reverse,587,8370,8.37,10
reverse,588,8265,8.27,10
reverse,589,8307,8.31,10
reverse,590,8388,8.39,10
reverse,591,8325,8.32,10
reverse,592,8330,8.33,10
reverse,593,8213,8.21,10
reverse,594,8305,8.30,10
reverse,595,8303,8.30,10
reverse,596,8330,8.33,10
reverse,597,8336,8.34,10
reverse,598,8349,8.35,10
reverse,599,8302,8.30,10
reverse,600,8288,8.29,10
reverse,601,8286,8.29,10
reverse,602,8363,8.36,10
reverse,603,8328,8.33,10
reverse,604,8368,8.37,10
reverse,605,8229,8.23,10
reverse,606,8376,8.38,10
reverse,607,8312,8.31,10
reverse,608,8287,8.29,10
reverse,609,8364,8.36,10
reverse,610,8229,8.23,10
reverse,611,8316,8.32,10
reverse,612,8400,8.40,10
reverse,613,8402,8.40,10
reverse,614,8295,8.29,10
reverse,615,8332,8.33,10
reverse,616,8356,8.36,10
reverse,617,8338,8.34,10
reverse,618,8277,8.28,10
reverse,619,8313,8.31,10
reverse,620,8394,8.39,10
reverse,621,8426,8.43,10
reverse,622,8345,8.35,10
reverse,623,8338,8.34,10
reverse,624,8348,8.35,10
reverse,625,8451,8.45,10
reverse,626,8390,8.39,10
reverse,627,8463,8.46,10
reverse,628,8367,8.37,10
reverse,629,8377,8.38,10
reverse,630,8368,8.37,10
reverse,631,8382,8.38,10
reverse,632,8402,8.40,10
reverse,633,8438,8.44,10
reverse,634,8485,8.48,10
reverse,635,8366,8.37,10
reverse,636,8398,8.40,10
reverse,637,8474,8.47,10
reverse,638,8409,8.41,10
reverse,639,8390,8.39,10
reverse,640,8473,8.47,10
reverse,641,8490,8.49,10
reverse,642,8406,8.41,10
reverse,643,8412,8.41,10
reverse,644,8440,8.44,10
reverse,645,8400,8.40,10
reverse,646,8431,8.43,10
reverse,647,8419,8.42,10
reverse,648,8413,8.41,10
reverse,649,8437,8.44,10
reverse,650,8487,8.49,10
reverse,651,8359,8.36,10
reverse,652,8481,8.48,10
reverse,653,8441,8.44,10
reverse,654,8506,8.51,10
reverse,655,8390,8.39,10
reverse,656,8443,8.44,10
reverse,657,8421,8.42,10
reverse,658,8390,8.39,10
reverse,659,8471,8.47,10
reverse,660,8429,8.43,10
reverse,661,8437,8.44,10
reverse,662,8512,8.51,10
reverse,663,8449,8.45,10
reverse,664,8478,8.48,10
reverse,665,8474,8.47,10
reverse,666,8518,8.52,10
reverse,667,8583,8.58,10
reverse,668,8431,8.43,10
reverse,669,8548,8.55,10
reverse,670,8512,8.51,10
reverse,671,8392,8.39,10
reverse,672,8501,8.50,10
reverse,673,8525,8.53,10
reverse,674,8470,8.47,10
reverse,675,8494,8.49,10
reverse,676,8541,8.54,10
reverse,677,8437,8.44,10
reverse,678,8487,8.49,10
reverse,679,8458,8.46,10
reverse,680,8640,8.64,10
reverse,681,8515,8.52,10
reverse,682,8549,8.55,10
reverse,683,8535,8.54,10
reverse,684,8505,8.51,10
reverse,685,8476,8.48,10
reverse,686,8504,8.50,10
reverse,687,8496,8.50,10
reverse,688,8555,8.55,10
reverse,689,8523,8.52,10
reverse,690,8563,8.56,10
reverse,691,8450,8.45,10
reverse,692,8512,8.51,10
reverse,693,8488,8.49,10
reverse,694,8503,8.50,10
reverse,695,8405,8.40,10
reverse,696,8498,8.50,10
reverse,697,8578,8.58,10
reverse,698,8484,8.48,10
reverse,699,8480,8.48,10
reverse,700,8513,8.51,10
reverse,701,8537,8.54,10
reverse,702,8617,8.62,10
reverse,703,8532,8.53,10
reverse,704,8592,8.59,10
reverse,705,8506,8.51,10
reverse,706,8548,8.55,10
reverse,707,8588,8.59,10
reverse,708,8595,8.60,10
reverse,709,8607,8.61,10
reverse,710,8629,8.63,10
reverse,711,8588,8.59,10
reverse,712,8663,8.66,10
reverse,713,8603,8.60,10
reverse,714,8644,8.64,10
reverse,715,8531,8.53,10
reverse,716,8630,8.63,10
reverse,717,8585,8.59,10
reverse,718,8609,8.61,10
reverse,719,8571,8.57,10
reverse,720,8562,8.56,10
reverse,721,8513,8.51,10
reverse,722,8533,8.53,10
reverse,723,8605,8.61,10
reverse,724,8650,8.65,10
reverse,725,8580,8.58,10
reverse,726,8628,8.63,10
reverse,727,8588,8.59,10
reverse,728,8603,8.60,10
reverse,729,8628,8.63,10
reverse,730,8546,8.55,10
reverse,731,8595,8.60,10
reverse,732,8601,8.60,10
reverse,733,8639,8.64,10
reverse,734,8599,8.60,10
reverse,735,8668,8.67,10
reverse,736,8629,8.63,10
reverse,737,8646,8.65,10
reverse,738,8671,8.67,10
reverse,739,8603,8.60,10
reverse,740,8617,8.62,10
reverse,741,8699,8.70,10
reverse,742,8634,8.63,10
reverse,743,8669,8.67,10
reverse,744,8658,8.66,10
reverse,745,8662,8.66,10
reverse,746,8626,8.63,10
reverse,747,8688,8.69,10
reverse,748,8701,8.70,10
reverse,749,8578,8.58,10
reverse,750,8692,8.69,10
reverse,751,8644,8.64,10
reverse,752,8643,8.64,10
reverse,753,8725,8.72,10
reverse,754,8672,8.67,10
reverse,755,8745,8.74,10
reverse,756,8676,8.68,10
reverse,757,8632,8.63,10
reverse,758,8697,8.70,10
reverse,759,8661,8.66,10
reverse,760,8669,8.67,10
reverse,761,8683,8.68,10
reverse,762,8657,8.66,10
reverse,763,8706,8.71,10
reverse,764,8618,8.62,10
reverse,765,8546,8.55,10
reverse,766,8716,8.72,10
reverse,767,8672,8.67,10
reverse,768,8687,8.69,10
reverse,769,8677,8.68,10
reverse,770,8658,8.66,10
reverse,771,8689,8.69,10
reverse,772,8756,8.76,10
reverse,773,8759,8.76,10
reverse,774,8743,8.74,10
reverse,775,8711,8.71,10
reverse,776,8615,8.62,10
reverse,777,8608,8.61,10
reverse,778,8741,8.74,10
reverse,779,8689,8.69,10
reverse,780,8792,8.79,10
reverse,781,8740,8.74,10
reverse,782,8732,8.73,10
reverse,783,8753,8.75,10
reverse,784,8598,8.60,10
reverse,785,8724,8.72,10
reverse,786,8656,8.66,10
reverse,787,8734,8.73,10
reverse,788,8752,8.75,10
reverse,789,8743,8.74,10
reverse,790,8701,8.70,10
reverse,791,8691,8.69,10
reverse,792,8688,8.69,10
reverse,793,8780,8.78,10
reverse,794,8649,8.65,10
reverse,795,8742,8.74,10
reverse,796,8767,8.77,10
reverse,797,8616,8.62,10
reverse,798,8757,8.76,10
reverse,799,8776,8.78,10
reverse,800,8711,8.71,10
reverse,801,8704,8.70,10
reverse,802,8666,8.67,10
reverse,803,8724,8.72,10
reverse,804,8779,8.78,10
reverse,805,8751,8.75,10
reverse,806,8735,8.73,10
reverse,807,8736,8.74,10
reverse,808,8656,8.66,10
reverse,809,8694,8.69,10
reverse,810,8792,8.79,10
reverse,811,8760,8.76,10
reverse,812,8781,8.78,10
reverse,813,8688,8.69,10
reverse,814,8719,8.72,10
reverse,815,8796,8.80,10
reverse,816,8709,8.71,10
reverse,817,8767,8.77,10
reverse,818,8800,8.80,10
reverse,819,8758,8.76,10
reverse,820,8670,8.67,10
reverse,821,8723,8.72,10
reverse,822,8726,8.73,10
reverse,823,8829,8.83,10
reverse,824,8753,8.75,10
reverse,825,8717,8.72,10
reverse,826,8816,8.82,10
reverse,827,8744,8.74,10
reverse,828,8737,8.74,10
reverse,829,8707,8.71,10
reverse,830,8757,8.76,10
reverse,831,8814,8.81,10
reverse,832,8840,8.84,10
reverse,833,8776,8.78,10
reverse,834,8755,8.76,10
reverse,835,8705,8.71,10
reverse,836,8790,8.79,10
reverse,837,8800,8.80,10
reverse,838,8814,8.81,10
reverse,839,8780,8.78,10
reverse,840,8833,8.83,10
reverse,841,8815,8.81,10
reverse,842,8809,8.81,10
reverse,843,8847,8.85,10
reverse,844,8667,8.67,10
reverse,845,8748,8.75,10
reverse,846,8778,8.78,10
reverse,847,8814,8.81,10
reverse,848,8780,8.78,10
reverse,849,8810,8.81,10
reverse,850,8821,8.82,10
reverse,851,8749,8.75,10
reverse,852,8844,8.84,10
reverse,853,8871,8.87,10
reverse,854,8823,8.82,10
reverse,855,8785,8.79,10
reverse,856,8725,8.72,10
reverse,857,8765,8.77,10
reverse,858,8759,8.76,10
reverse,859,8901,8.90,10
reverse,860,8859,8.86,10
reverse,861,8828,8.83,10
reverse,862,8860,8.86,10
reverse,863,8840,8.84,10
reverse,864,8831,8.83,10
reverse,865,8898,8.90,10
reverse,866,8855,8.86,10
reverse,867,8884,8.88,10
reverse,868,8818,8.82,10
reverse,869,8833,8.83,10
reverse,870,8877,8.88,10
reverse,871,8854,8.85,10
reverse,872,8811,8.81,10
reverse,873,8877,8.88,10
reverse,874,8900,8.90,10
reverse,875,8931,8.93,10
reverse,876,8868,8.87,10
reverse,877,8832,8.83,10
reverse,878,8851,8.85,10
reverse,879,8819,8.82,10
reverse,880,8822,8.82,10
reverse,881,8835,8.84,10
reverse,882,8847,8.85,10
reverse,883,8809,8.81,10
reverse,884,8839,8.84,10
reverse,885,8860,8.86,10
reverse,886,8855,8.86,10
reverse,887,8903,8.90,10
reverse,888,8838,8.84,10
reverse,889,8916,8.92,10
reverse,890,8823,8.82,10
reverse,891,8831,8.83,10
reverse,892,8747,8.75,10
reverse,893,8890,8.89,10
reverse,894,8839,8.84,10
reverse,895,8918,8.92,10
reverse,896,8844,8.84,10
reverse,897,8878,8.88,10
reverse,898,8939,8.94,10
reverse,899,8926,8.93,10
reverse,900,8854,8.85,10
reverse,901,8827,8.83,10
reverse,902,8933,8.93,10
reverse,903,8907,8.91,10
reverse,904,8788,8.79,10
reverse,905,8905,8.90,10
reverse,906,8899,8.90,10
reverse,907,8896,8.90,10
reverse,908,8954,8.95,10
reverse,909,8846,8.85,10
reverse,910,8900,8.90,10
reverse,911,8878,8.88,10
reverse,912,8819,8.82,10
reverse,913,8924,8.92,10
reverse,914,8828,8.83,10
reverse,915,8938,8.94,10
reverse,916,8862,8.86,10
reverse,917,8880,8.88,10
reverse,918,8956,8.96,10
reverse,919,8933,8.93,10
reverse,920,8933,8.93,10
reverse,921,8903,8.90,10
reverse,922,8840,8.84,10
reverse,923,8913,8.91,10
reverse,924,8903,8.90,10
reverse,925,8819,8.82,10
reverse,926,8915,8.91,10
reverse,927,8878,8.88,10
reverse,928,8911,8.91,10
reverse,929,8936,8.94,10
reverse,930,8921,8.92,10
reverse,931,8797,8.80,10
reverse,932,8939,8.94,10
reverse,933,8858,8.86,10
reverse,934,8842,8.84,10
reverse,935,8984,8.98,10
reverse,936,8964,8.96,10
reverse,937,8885,8.88,10
reverse,938,8959,8.96,10
reverse,939,8883,8.88,10
reverse,940,8928,8.93,10
reverse,941,8898,8.90,10
reverse,942,8898,8.90,10
reverse,943,8978,8.98,10
reverse,944,8895,8.89,10
reverse,945,8909,8.91,10
reverse,946,8947,8.95,10
reverse,947,8973,8.97,10
reverse,948,8947,8.95,10
reverse,949,8955,8.96,10
reverse,950,8985,8.98,10
reverse,951,8967,8.97,10
reverse,952,8941,8.94,10
reverse,953,8873,8.87,10
reverse,954,8883,8.88,10
reverse,955,8896,8.90,10
reverse,956,8967,8.97,10
reverse,957,8894,8.89,10
reverse,958,8927,8.93,10
reverse,959,8917,8.92,10
reverse,960,8958,8.96,10
reverse,961,8932,8.93,10
reverse,962,9013,9.01,10
reverse,963,8925,8.93,10
reverse,964,8986,8.99,10
reverse,965,8903,8.90,10
reverse,966,8962,8.96,10
reverse,967,8973,8.97,10
reverse,968,8953,8.95,10
reverse,969,8971,8.97,10
reverse,970,8952,8.95,10
reverse,971,8983,8.98,10
reverse,972,8976,8.98,10
reverse,973,8971,8.97,10
reverse,974,8899,8.90,10
reverse,975,8957,8.96,10
reverse,976,8986,8.99,10
reverse,977,8957,8.96,10
reverse,978,8949,8.95,10
reverse,979,8936,8.94,10
reverse,980,8963,8.96,10
reverse,981,8924,8.92,10
reverse,982,8953,8.95,10
reverse,983,8910,8.91,10
reverse,984,8993,8.99,10
reverse,985,8917,8.92,10
reverse,986,8985,8.98,10
reverse,987,8962,8.96,10
reverse,988,8936,8.94,10
reverse,989,8968,8.97,10
reverse,990,8938,8.94,10
reverse,991,8946,8.95,10
reverse,992,8990,8.99,10
reverse,993,8974,8.97,10
reverse,994,8911,8.91,10
reverse,995,8998,9.00,10
reverse,996,8987,8.99,10
reverse,997,8982,8.98,10
reverse,998,8917,8.92,10
reverse,999,8948,8.95,10
reverse,1000,8951,8.95,10